model,station,horizon,seed,skill,rmse_W,mae_W,r2,n_test
Unified XGBoost,1,H1,42,0.3337481512,76.8452776492,38.7100821447,0.9494841852,5222
LightGBM,1,H1,42,0.3344351261,76.8056496955,39.1196045615,0.9495362723,5222
Unified XGBoost,1,H1,0,0.3294365677,77.093525008,38.8508065265,0.9491572771,5222
LightGBM,1,H1,0,0.3349415083,76.7764260865,39.3369075687,0.9495746666,5222
Unified XGBoost,1,H1,2024,0.3370478292,76.6547495433,38.6548176179,0.9497343698,5222
LightGBM,1,H1,2024,0.3330682048,76.8844800495,39.0671100648,0.9494326311,5222
Unified XGBoost,1,H4,42,-0.3563918099,109.653089411,65.7405111736,0.8971608903,5221
LightGBM,1,H4,42,-0.3972517758,111.2924307298,67.1602057568,0.8940629636,5221
Unified XGBoost,1,H4,0,-0.3707338511,110.2312828887,65.9187096051,0.8960735034,5221
LightGBM,1,H4,0,-0.3748909837,110.3983098956,66.6838856808,0.8957583173,5221
Unified XGBoost,1,H4,2024,-0.3661155761,110.0454306543,65.7035652258,0.8964236524,5221
LightGBM,1,H4,2024,-0.3953845546,111.2180429018,66.9684980742,0.8942045328,5221
Unified XGBoost,1,H8,42,-1.1698453458,138.6892128457,91.6128962816,0.835486353,5221
LightGBM,1,H8,42,-1.2023208747,139.7232215418,92.9699042078,0.8330241186,5221
Unified XGBoost,1,H8,0,-1.1637236955,138.4934370241,91.4312342008,0.8359504851,5221
LightGBM,1,H8,0,-1.2030348247,139.7458674951,92.9737181386,0.8329699883,5221
Unified XGBoost,1,H8,2024,-1.1512727341,138.0943878526,91.2325996359,0.8368944939,5221
LightGBM,1,H8,2024,-1.1658800808,138.5624317016,92.4204440304,0.835786992,5221
Unified XGBoost,1,H16,42,-2.3772337463,173.0365154633,125.4375267243,0.7439585017,5220
LightGBM,1,H16,42,-2.4646988338,175.2628807134,127.6016368698,0.7373274262,5220
Unified XGBoost,1,H16,0,-2.4097117791,173.8665496498,126.0885672102,0.7414962131,5220
LightGBM,1,H16,0,-2.4718019643,175.4424457727,128.1356693193,0.7367889096,5220
Unified XGBoost,1,H16,2024,-2.3564491991,172.5032334247,124.9540695031,0.7455342607,5220
LightGBM,1,H16,2024,-2.4989225808,176.1263631233,127.9878997895,0.734732788,5220
Unified XGBoost,1,H32,42,-4.3438632575,217.4531021151,165.2969916657,0.5957563963,5217
LightGBM,1,H32,42,-4.4867418748,220.3409430432,167.5176331818,0.5849481543,5217
Unified XGBoost,1,H32,0,-4.2648498797,215.839504557,163.27782141,0.6017334677,5217
LightGBM,1,H32,0,-4.4271844344,219.1418025359,166.9028667361,0.5894534556,5217
Unified XGBoost,1,H32,2024,-4.2829002468,216.2091873396,164.4008857199,0.6003680238,5217
LightGBM,1,H32,2024,-4.3857619802,218.3039115096,165.9784143801,0.592586912,5217
Unified XGBoost,1,H96,42,-9.9126765667,310.4581331116,257.0766226457,0.1745687704,5208
LightGBM,1,H96,42,-10.3168660505,316.1553151714,262.9238637449,0.1439960122,5208
Unified XGBoost,1,H96,0,-9.974595116,311.337657314,258.0323937062,0.1698852719,5208
LightGBM,1,H96,0,-10.2715906509,315.522259897,263.0450706524,0.1474206283,5208
Unified XGBoost,1,H96,2024,-9.9601594217,311.1328272454,257.6479224201,0.170977183,5208
LightGBM,1,H96,2024,-10.4959865188,318.6475052802,265.9147667359,0.1304473995,5208
Unified XGBoost,2,H1,42,0.3408294764,45.2203895938,22.9460676836,0.9577382359,5056
LightGBM,2,H1,42,0.3201939892,45.9227524735,23.4628607661,0.9564152215,5056
Unified XGBoost,2,H1,0,0.3419304631,45.1826088883,22.8721745789,0.957808824,5056
LightGBM,2,H1,0,0.3184709935,45.9809121777,23.449091231,0.9563047541,5056
Unified XGBoost,2,H1,2024,0.340158465,45.243400086,22.9714066793,0.957695215,5056
LightGBM,2,H1,2024,0.3333411364,45.4765216147,23.2568327626,0.9572581318,5056
Unified XGBoost,2,H4,42,-0.4283968202,66.5671322543,39.3141099446,0.9084204051,5056
LightGBM,2,H4,42,-0.4570843703,67.2322677354,40.4371728281,0.9065811444,5056
Unified XGBoost,2,H4,0,-0.4239749258,66.4640163024,39.131745516,0.9087039085,5056
LightGBM,2,H4,0,-0.4679840594,67.4832640012,40.1305183639,0.9058823266,5056
Unified XGBoost,2,H4,2024,-0.4267296501,66.5282736076,39.223343183,0.9085272933,5056
LightGBM,2,H4,2024,-0.4594865954,67.2876662192,40.2887367648,0.9064271292,5056
Unified XGBoost,2,H8,42,-0.9843224718,78.4608124147,52.4897942934,0.8727578453,5055
LightGBM,2,H8,42,-1.1119251576,80.9442376525,54.6495419857,0.8645754854,5055
Unified XGBoost,2,H8,0,-1.0044507436,78.8577478554,52.8794072519,0.8714671455,5055
LightGBM,2,H8,0,-1.0751999241,80.2373629286,53.7596311513,0.8669304443,5055
Unified XGBoost,2,H8,2024,-0.9732852162,78.2422996414,52.4174133121,0.8734655953,5055
LightGBM,2,H8,2024,-1.0718057903,80.1717191834,53.7202945171,0.8671480888,5055
Unified XGBoost,2,H16,42,-1.8202277634,93.545076474,67.3762306657,0.819098479,5054
LightGBM,2,H16,42,-1.886507398,94.6379185665,68.4530234643,0.8148470186,5054
Unified XGBoost,2,H16,0,-1.8562509502,94.1406133445,68.0983980599,0.8167877971,5054
LightGBM,2,H16,0,-1.9009521814,94.8744186144,68.3097020989,0.8139204682,5054
Unified XGBoost,2,H16,2024,-1.8221714895,93.5773069726,67.602899084,0.8189738001,5054
LightGBM,2,H16,2024,-1.8954234777,94.7839685356,68.6398634522,0.814275103,5054
Unified XGBoost,2,H32,42,-2.6837785972,106.9325686023,80.2818457183,0.7635189351,5052
LightGBM,2,H32,42,-2.7552632774,107.965110614,80.9660369595,0.7589299587,5052
Unified XGBoost,2,H32,0,-2.7122448517,107.3449321179,80.561631144,0.761691537,5052
LightGBM,2,H32,0,-2.7350866079,107.6746768768,80.6402481457,0.7602252049,5052
Unified XGBoost,2,H32,2024,-2.7108307655,107.3244849956,80.7045804937,0.7617823146,5052
LightGBM,2,H32,2024,-2.6930987348,107.0677554291,80.3631078112,0.7629206266,5052
Unified XGBoost,2,H96,42,-8.1635053432,168.7217307725,138.2900249908,0.4116780411,5042
LightGBM,2,H96,42,-8.2248215934,169.2852779622,138.5030028597,0.4077413711,5042
Unified XGBoost,2,H96,0,-8.254305141,169.5555893615,138.9776973033,0.4058484472,5042
LightGBM,2,H96,0,-8.1865809262,168.9340351354,138.3111568848,0.4101965259,5042
Unified XGBoost,2,H96,2024,-8.1729158413,168.8083432665,138.2019809596,0.4110738615,5042
LightGBM,2,H96,2024,-8.3546719379,170.4725603561,139.3341916593,0.3994046259,5042
Unified XGBoost,4,H1,42,0.2121415179,52.8117419257,30.068547723,0.9539950382,4849
LightGBM,4,H1,42,0.2167884398,52.655765322,30.1317529753,0.9542663832,4849
Unified XGBoost,4,H1,0,0.2164846679,52.665975713,29.8681207841,0.9542486453,4849
LightGBM,4,H1,0,0.2090881333,52.9139802273,30.1686953316,0.9538167437,4849
Unified XGBoost,4,H1,2024,0.209436007,52.9023421374,30.1210856665,0.9538370569,4849
LightGBM,4,H1,2024,0.2120643336,52.8143287734,30.1377406109,0.9539905312,4849
Unified XGBoost,4,H4,42,-1.1012627407,86.2498437514,56.4925621955,0.8773144991,4848
LightGBM,4,H4,42,-1.0893284857,86.0045642558,56.2445916592,0.8780112992,4848
Unified XGBoost,4,H4,0,-1.0959687685,86.1411252576,56.1343054137,0.8776235959,4848
LightGBM,4,H4,0,-1.0771529611,85.7536030694,56.0232832806,0.8787221862,4848
Unified XGBoost,4,H4,2024,-1.1117584763,86.4649829428,56.4367623428,0.8767016892,4848
LightGBM,4,H4,2024,-1.0645970777,85.4940303966,55.7382286144,0.879455281,4848
Unified XGBoost,4,H8,42,-2.6131122019,113.0990250838,80.2267253926,0.7890428114,4848
LightGBM,4,H8,42,-2.5547160132,112.181332014,79.2563212957,0.792452364,4848
Unified XGBoost,4,H8,0,-2.6087521151,113.0307639287,80.1443427912,0.7892973819,4848
LightGBM,4,H8,0,-2.6245362042,113.277683226,79.9700182131,0.7883758033,4848
Unified XGBoost,4,H8,2024,-2.5998427136,112.8911507403,80.3653058961,0.7898175712,4848
LightGBM,4,H8,2024,-2.6153130831,113.133466253,79.6783656836,0.7889143096,4848
Unified XGBoost,4,H16,42,-6.0603612351,158.1035610515,120.0825290224,0.5878286824,4847
LightGBM,4,H16,42,-6.1104902647,158.66384115,120.6979932766,0.5849022389,4847
Unified XGBoost,4,H16,0,-6.102671557,158.5765836361,120.6506520521,0.5853586811,4847
LightGBM,4,H16,0,-6.1561989985,159.1729977063,120.5636105871,0.5822338444,4847
Unified XGBoost,4,H16,2024,-6.0302011538,157.7655103925,120.0562717166,0.5895893742,4847
LightGBM,4,H16,2024,-6.1388853225,158.9803298793,121.2452047078,0.583244586,4847
Unified XGBoost,4,H32,42,-11.909495868,213.7730150891,170.5360307775,0.2468880367,4844
LightGBM,4,H32,42,-11.7382269011,212.3502279302,169.418495839,0.2568794965,4844
Unified XGBoost,4,H32,0,-11.7098255747,212.1133663303,169.2868144133,0.2585363682,4844
LightGBM,4,H32,0,-11.7305335932,212.2860933206,169.1286732717,0.2573283073,4844
Unified XGBoost,4,H32,2024,-11.6333914733,211.4746029217,168.5753878927,0.2629953677,4844
LightGBM,4,H32,2024,-11.7091121264,212.1074129034,169.6552603832,0.2585779892,4844
Unified XGBoost,4,H96,42,-18.0020402256,258.5498881906,216.3925352181,-0.1032742352,4835
LightGBM,4,H96,42,-18.4239196613,261.4042681126,217.9971959204,-0.1277689056,4835
Unified XGBoost,4,H96,0,-18.1375033531,259.4698361856,216.431118639,-0.1111393369,4835
LightGBM,4,H96,0,-18.4055498201,261.2806295562,218.2008972671,-0.1267023373,4835
Unified XGBoost,4,H96,2024,-18.3196469088,260.7016802025,217.7537941946,-0.121714743,4835
LightGBM,4,H96,2024,-18.2090357895,259.9543089408,217.1170130462,-0.1152925695,4835
Unified XGBoost,5,H1,42,0.1562458791,92.357537589,53.0501511589,0.9045981495,5004
LightGBM,5,H1,42,0.16599869,91.8222135981,51.9723100855,0.9057008833,5004
Unified XGBoost,5,H1,0,0.1567307074,92.3309990602,52.715046686,0.9046529682,5004
LightGBM,5,H1,0,0.1678365729,91.7209838099,51.763093552,0.9059086896,5004
Unified XGBoost,5,H1,2024,0.1544458157,92.4560027944,52.9772384874,0.9043946194,5004
LightGBM,5,H1,2024,0.1764699865,91.2439562678,51.5581325124,0.9068848551,5004
Unified XGBoost,5,H4,42,-0.6002692792,127.1923308182,85.8109839468,0.8190602608,5004
LightGBM,5,H4,42,-0.5806693053,126.4110101638,85.1623981106,0.8212763967,5004
Unified XGBoost,5,H4,0,-0.5978718594,127.0970194525,85.7630973318,0.819331333,5004
LightGBM,5,H4,0,-0.5903239714,126.7964791963,85.2785474243,0.82018476,5004
Unified XGBoost,5,H4,2024,-0.5987880054,127.1334500127,85.6833651352,0.819227746,5004
LightGBM,5,H4,2024,-0.6023160506,127.2736453959,85.8453121252,0.8188288359,5004
Unified XGBoost,5,H8,42,-1.6605761134,164.0178970291,121.2085686478,0.6989412343,5003
LightGBM,5,H8,42,-1.7212813759,165.8785078803,123.6926666344,0.6920721012,5003
Unified XGBoost,5,H8,0,-1.6824548632,164.6909015207,121.9556588886,0.6964655338,5003
LightGBM,5,H8,0,-1.7730433297,167.4486780264,124.5848912407,0.6862149525,5003
Unified XGBoost,5,H8,2024,-1.7043981252,165.363139316,122.339503407,0.6939825335,5003
LightGBM,5,H8,2024,-1.7642232279,167.182167469,124.3547175512,0.6872129953,5003
Unified XGBoost,5,H16,42,-4.1480141317,228.1727446907,176.2179518653,0.416979066,5002
LightGBM,5,H16,42,-4.3079174165,231.6893013619,179.4527210965,0.3988697602,5002
Unified XGBoost,5,H16,0,-4.2611043457,230.6653491153,176.7241967677,0.4041714162,5002
LightGBM,5,H16,0,-4.3097510566,231.7293168788,178.8025193277,0.3986620975,5002
Unified XGBoost,5,H16,2024,-4.182578507,228.9374526395,176.8775865908,0.4130645946,5002
LightGBM,5,H16,2024,-4.3035109179,231.5931100986,179.3394388005,0.3993688033,5002
Unified XGBoost,5,H32,42,-4.7883806398,241.9944821813,195.3205908383,0.3432387003,5000
LightGBM,5,H32,42,-5.0520178545,247.4440542267,200.4140466882,0.3133258921,5000
Unified XGBoost,5,H32,0,-4.8537119301,243.356301045,196.3352788993,0.3358260808,5000
LightGBM,5,H32,0,-5.0175409099,246.7382318188,199.0949755676,0.3172377155,5000
Unified XGBoost,5,H32,2024,-4.8890243118,244.0892180072,196.9495701636,0.331819467,5000
LightGBM,5,H32,2024,-5.1603855906,249.6495977307,201.1216113934,0.301030271,5000
Unified XGBoost,5,H96,42,-8.024916087,299.9629529501,248.5782571232,-0.0132706726,4990
LightGBM,5,H96,42,-8.4193198695,306.4473052165,253.5674571713,-0.0575522794,4990
Unified XGBoost,5,H96,0,-8.0807903215,300.8900717815,248.8291697236,-0.0195439412,4990
LightGBM,5,H96,0,-8.2198507315,303.18518717,251.0299447452,-0.0351569213,4990
Unified XGBoost,5,H96,2024,-8.0709802425,300.7275004135,249.0080926404,-0.0184425165,4990
LightGBM,5,H96,2024,-8.4262261426,306.5596286651,254.4205542493,-0.0583276799,4990
Unified XGBoost,6,H1,42,0.1981483137,102.9982682632,57.4005514093,0.9201759863,5118
LightGBM,6,H1,42,0.1942724805,103.2468945845,57.9589896627,0.9197901486,5118
Unified XGBoost,6,H1,0,0.211354015,102.1466075873,56.9150564612,0.9214906085,5118
LightGBM,6,H1,0,0.2044772357,102.5909863461,57.6854754006,0.9208060279,5118
Unified XGBoost,6,H1,2024,0.203079939,102.6810448323,57.2975091961,0.9206669276,5118
LightGBM,6,H1,2024,0.202289022,102.7319859827,57.4903055675,0.9205881921,5118
Unified XGBoost,6,H4,42,-0.8732858375,157.4290679757,104.6852067141,0.8135151462,5118
LightGBM,6,H4,42,-0.8943295221,158.3108436236,105.2158547777,0.8114202559,5118
Unified XGBoost,6,H4,0,-0.8496315325,156.4319682719,103.6220124666,0.8158699228,5118
LightGBM,6,H4,0,-0.889852238,158.1236475918,105.9938375757,0.8118659677,5118
Unified XGBoost,6,H4,2024,-0.8753108962,157.5141369446,104.7240242754,0.8133135525,5118
LightGBM,6,H4,2024,-0.8754905426,157.5216813406,105.0058959757,0.8132956687,5118
Unified XGBoost,6,H8,42,-1.7202569465,189.7273099831,135.8516075966,0.7291532736,5117
LightGBM,6,H8,42,-1.7499659186,190.7605390232,137.1591583768,0.7261952524,5117
Unified XGBoost,6,H8,0,-1.696776815,188.906711595,135.7700460484,0.7314911104,5117
LightGBM,6,H8,0,-1.7388261816,190.3737744786,136.5155376133,0.7273043981,5117
Unified XGBoost,6,H8,2024,-1.7084907048,189.3165405856,136.0079881801,0.7303247983,5117
LightGBM,6,H8,2024,-1.7149092064,189.5407262326,135.5859302133,0.7296857299,5117
Unified XGBoost,6,H16,42,-2.8629917717,226.1112928399,170.955983749,0.6153377425,5116
LightGBM,6,H16,42,-2.8185253405,224.8061562742,169.9429418833,0.6197655433,5116
Unified XGBoost,6,H16,0,-2.7644598889,223.2089983774,168.2938600238,0.6251491785,5116
LightGBM,6,H16,0,-2.8094912577,224.5400692551,169.9074982916,0.6206651234,5116
Unified XGBoost,6,H16,2024,-2.774701477,223.5124232989,168.5656437021,0.6241293595,5116
LightGBM,6,H16,2024,-2.8244909695,224.9816935056,169.498650971,0.6191715083,5116
Unified XGBoost,6,H32,42,-3.9701029292,256.4451014398,197.6646878429,0.5053877838,5114
LightGBM,6,H32,42,-3.9271107159,255.3335461389,197.1357950358,0.5096662614,5114
Unified XGBoost,6,H32,0,-3.9221660866,255.2053932809,196.1662762043,0.5101583385,5114
LightGBM,6,H32,0,-3.9412661136,255.7000647575,197.9234627777,0.5082575516,5114
Unified XGBoost,6,H32,2024,-3.9625669133,256.2506077319,196.7123611874,0.5061377493,5114
LightGBM,6,H32,2024,-3.9284033606,255.3670377649,196.5249807475,0.5095376206,5114
Unified XGBoost,6,H96,42,-6.582991156,316.7823831781,254.47693973,0.2461143777,5104
LightGBM,6,H96,42,-6.6773899231,318.748057024,256.8032514302,0.2367294434,5104
Unified XGBoost,6,H96,0,-6.6099924988,317.3458777658,254.7540808583,0.2434299588,5104
LightGBM,6,H96,0,-6.6171530381,317.4951442282,255.2317269681,0.2427180725,5104
Unified XGBoost,6,H96,2024,-6.6082569486,317.3096884322,255.0836499837,0.2436025037,5104
LightGBM,6,H96,2024,-6.7562930609,320.3818109912,257.8330726005,0.2288850533,5104
Unified XGBoost,7,H1,42,0.164662022,110.8617971563,68.6657044364,0.8211834352,4818
LightGBM,7,H1,42,0.1562915576,111.4158553156,68.2527608911,0.8193916123,4818
Unified XGBoost,7,H1,0,0.1668516301,110.7164050043,68.1029768251,0.8216521535,4818
LightGBM,7,H1,0,0.1598165382,111.1828661828,68.1111403028,0.820146187,4818
Unified XGBoost,7,H1,2024,0.1657421255,110.7901010604,68.547400666,0.8214146475,4818
LightGBM,7,H1,2024,0.1630909142,110.9660028899,67.7669635741,0.8208471161,4818
Unified XGBoost,7,H4,42,-0.5576465449,151.3858414919,103.66603541,0.6665625032,4818
LightGBM,7,H4,42,-0.5358046284,150.3206992243,102.6951524435,0.6712380915,4818
Unified XGBoost,7,H4,0,-0.542450889,150.6456077372,103.4483288861,0.6698153602,4818
LightGBM,7,H4,0,-0.5708517141,152.0261846633,103.5732105143,0.6637357396,4818
Unified XGBoost,7,H4,2024,-0.5467928773,150.8574918877,102.6934356007,0.6688858928,4818
LightGBM,7,H4,2024,-0.5769675046,152.3218386332,104.2391726549,0.6624265634,4818
Unified XGBoost,7,H8,42,-0.8604409637,165.462675064,118.6868853449,0.6013982029,4817
LightGBM,7,H8,42,-0.8637805082,165.6111135916,118.6854716181,0.6006827013,4817
Unified XGBoost,7,H8,0,-0.884457005,166.5272120533,119.5805468386,0.5962527361,4817
LightGBM,7,H8,0,-0.8613450557,165.5028739528,119.1521722479,0.6012045001,4817
Unified XGBoost,7,H8,2024,-0.8715295043,165.9550351854,119.5391430655,0.5990224692,4817
LightGBM,7,H8,2024,-0.8705285174,165.9106487542,119.761707552,0.5992369319,4817
Unified XGBoost,7,H16,42,-1.3422774776,185.6757146232,137.4041507706,0.4976870477,4816
LightGBM,7,H16,42,-1.3424153974,185.6811810953,139.35871256,0.4976574701,4816
Unified XGBoost,7,H16,0,-1.3267325822,185.0585558102,138.4002647003,0.5010207271,4816
LightGBM,7,H16,0,-1.3015636104,184.0549170089,137.1878119142,0.5064183372,4816
Unified XGBoost,7,H16,2024,-1.2877250156,183.5007499106,136.2604082999,0.5093860921,4816
LightGBM,7,H16,2024,-1.2855859627,183.4149420463,137.7946737155,0.5098448226,4816
Unified XGBoost,7,H32,42,-2.0966392246,213.5343779031,169.4952058053,0.3344704941,4814
LightGBM,7,H32,42,-2.1224028882,214.4208280243,172.2751221505,0.3289333691,4814
Unified XGBoost,7,H32,0,-1.9784476141,209.4196752475,165.9787687459,0.3598722275,4814
LightGBM,7,H32,0,-2.1141287591,214.136540157,169.2307953528,0.3307116444,4814
Unified XGBoost,7,H32,2024,-2.0401948988,211.5793174466,168.8103489147,0.346601505,4814
LightGBM,7,H32,2024,-2.1709722793,216.082064972,172.9133856423,0.3184948387,4814
Unified XGBoost,7,H96,42,-2.7249729465,234.4391344383,190.6404212736,0.1901751952,4804
LightGBM,7,H96,42,-2.8471347127,238.2523784256,192.8544780805,0.1636167128,4804
Unified XGBoost,7,H96,0,-2.7622035793,235.6078162221,190.7853850738,0.1820810989,4804
LightGBM,7,H96,0,-2.8365449024,237.924239911,191.7031811734,0.1659189822,4804
Unified XGBoost,7,H96,2024,-2.6972493661,233.5650836996,189.669613037,0.1962024184,4804
LightGBM,7,H96,2024,-3.0117065524,243.2949680458,196.5245530449,0.1278381019,4804
Unified XGBoost,8,H1,42,0.4892554184,36.1603602073,25.5316181144,0.9766401156,4957
LightGBM,8,H1,42,0.4864350533,36.2600626997,25.7346802006,0.9765111208,4957
Unified XGBoost,8,H1,0,0.4938168004,35.9985267373,25.4568258633,0.9768487392,4957
LightGBM,8,H1,0,0.4862938893,36.2650457723,25.7028463167,0.9765046644,4957
Unified XGBoost,8,H1,2024,0.4911557116,36.0930278026,25.5651071988,0.9767270292,4957
LightGBM,8,H1,2024,0.4847187308,36.3206023177,25.7124175959,0.9764326215,4957
Unified XGBoost,8,H4,42,-0.0272718584,51.2830161204,37.9759801069,0.9530157485,4957
LightGBM,8,H4,42,-0.0375813753,51.5397072966,38.2551246411,0.952544223,4957
Unified XGBoost,8,H4,0,-0.026692662,51.2685568868,38.0621093815,0.9530422392,4957
LightGBM,8,H4,0,-0.0536384731,51.9369777552,38.3817247284,0.9518098207,4957
Unified XGBoost,8,H4,2024,-0.0330028438,51.4258670345,38.1129579218,0.9527536309,4957
LightGBM,8,H4,2024,-0.0481037446,51.8003865193,38.3497707013,0.9520629622,4957
Unified XGBoost,8,H8,42,-1.1649066765,74.4495678237,56.6922672602,0.9009556907,4956
LightGBM,8,H8,42,-1.2368509481,75.6765132734,57.6789007845,0.8976642459,4956
Unified XGBoost,8,H8,0,-1.161176097,74.3853942056,56.7208957949,0.9011263644,4956
LightGBM,8,H8,0,-1.2028701628,75.0994992868,57.0594461265,0.8992188642,4956
Unified XGBoost,8,H8,2024,-1.1615211283,74.3913317754,56.6302301258,0.9011105792,4956
LightGBM,8,H8,2024,-1.2216492527,75.4189251369,57.6142439051,0.8983597223,4956
Unified XGBoost,8,H16,42,-4.4641940257,118.2491967803,90.8015781447,0.7500129477,4955
LightGBM,8,H16,42,-4.5580804692,119.2607561134,91.0997354042,0.7457176399,4955
Unified XGBoost,8,H16,0,-4.4374906833,117.9599028731,90.4007450397,0.7512346265,4955
LightGBM,8,H16,0,-4.5176183263,118.8258613462,90.9054706997,0.7475687842,4955
Unified XGBoost,8,H16,2024,-4.5122448974,118.767986933,91.1447252781,0.7478146188,4955
LightGBM,8,H16,2024,-4.5079006222,118.7211763754,90.8473851406,0.7480133695,4955
Unified XGBoost,8,H32,42,-9.2528653226,161.8229706538,124.8731529859,0.5318037059,4953
LightGBM,8,H32,42,-9.2699157741,161.9574700582,124.9944274686,0.5310250984,4953
Unified XGBoost,8,H32,0,-9.3302153641,162.4322390834,125.2826235061,0.5282715223,4953
LightGBM,8,H32,0,-9.3133808213,162.2998319965,125.1657479044,0.5290402704,4953
Unified XGBoost,8,H32,2024,-9.3349868201,162.4697479242,125.4153701968,0.5280536341,4953
LightGBM,8,H32,2024,-9.3447712681,162.5466372688,125.5955617689,0.5276068281,4953
Unified XGBoost,8,H96,42,-16.853077934,213.4423409039,173.9215181866,0.1865903334,4943
LightGBM,8,H96,42,-17.0561956947,214.6530933467,174.686993926,0.1773360216,4943
Unified XGBoost,8,H96,0,-16.8468492603,213.4051042249,173.6166113099,0.18687412,4943
LightGBM,8,H96,0,-17.0643625897,214.7016321177,174.6297444442,0.1769639271,4943
Unified XGBoost,8,H96,2024,-16.8404401364,213.3667819821,173.6626311623,0.1871661281,4943
LightGBM,8,H96,2024,-17.0184875659,214.4288380003,174.3563563879,0.1790540534,4943
