station,horizon,model,nominal_pct,empirical_pct,width_W_m2,calibration_error_pp,status,width_per_sigma,winkler_score_W,cwc,sigma_y_W,n_calibration,n_evaluation
1,H1,Proposed (FAME),9.000000e+01,9.161240e+01,212.8131,1.612400e+00,over-covered,6.224000e-01,361.9644,0.6224,341.9035,2611,2611
1,H1,Proposed (FAME),9.500000e+01,9.659130e+01,372.3423,1.591300e+00,over-covered,1.089000e+00,493.672,1.089,341.9035,2611,2611
1,H1,Unified XGBoost,9.000000e+01,9.153580e+01,212.4986,1.535800e+00,over-covered,6.215000e-01,369.2544,0.6215,341.9035,2611,2611
1,H1,Unified XGBoost,9.500000e+01,9.647640e+01,373.3902,1.476400e+00,over-covered,1.092100e+00,501.11,1.0921,341.9035,2611,2611
1,H1,Persistence,9.000000e+01,8.625050e+01,204.0,-3.749500e+00,under-covered,5.967000e-01,411.0777,4.4864,341.9035,2611,2611
1,H1,Persistence,9.500000e+01,9.571050e+01,380.0,7.105000e-01,over-covered,1.111400e+00,544.5347,1.1114,341.9035,2611,2611
1,H4,Proposed (FAME),9.000000e+01,9.057830e+01,248.1286,5.783000e-01,over-covered,7.257000e-01,397.6161,0.7257,341.9336,2610,2611
1,H4,Proposed (FAME),9.500000e+01,9.617000e+01,388.9445,1.170000e+00,over-covered,1.137500e+00,519.4997,1.1375,341.9336,2610,2611
1,H4,Unified XGBoost,9.000000e+01,9.008040e+01,323.2122,8.040000e-02,over-covered,9.452000e-01,536.8282,0.9452,341.9336,2610,2611
1,H4,Unified XGBoost,9.500000e+01,9.578710e+01,521.4621,7.871000e-01,over-covered,1.525000e+00,694.6618,1.525,341.9336,2610,2611
1,H4,Persistence,9.000000e+01,8.625050e+01,204.0,-3.749500e+00,under-covered,5.966000e-01,411.0777,4.486,341.9336,2610,2611
1,H4,Persistence,9.500000e+01,9.571050e+01,380.0,7.105000e-01,over-covered,1.111300e+00,544.5347,1.1113,341.9336,2610,2611
1,H8,Proposed (FAME),9.000000e+01,8.908460e+01,290.0916,-9.154000e-01,under-covered,8.484000e-01,434.4118,2.1892,341.9336,2610,2611
1,H8,Proposed (FAME),9.500000e+01,9.655300e+01,436.0151,1.553000e+00,over-covered,1.275100e+00,543.5665,1.2751,341.9336,2610,2611
1,H8,Unified XGBoost,9.000000e+01,9.000380e+01,443.1834,3.800000e-03,over-covered,1.296100e+00,648.1959,1.2961,341.9336,2610,2611
1,H8,Unified XGBoost,9.500000e+01,9.682110e+01,664.1884,1.821100e+00,over-covered,1.942400e+00,801.848,1.9424,341.9336,2610,2611
1,H8,Persistence,9.000000e+01,8.625050e+01,204.0,-3.749500e+00,under-covered,5.966000e-01,411.0777,4.486,341.9336,2610,2611
1,H8,Persistence,9.500000e+01,9.571050e+01,380.0,7.105000e-01,over-covered,1.111300e+00,544.5347,1.1113,341.9336,2610,2611
1,H16,Proposed (FAME),9.000000e+01,8.735630e+01,308.0272,-2.643700e+00,under-covered,9.008000e-01,469.6058,4.2789,341.9657,2610,2610
1,H16,Proposed (FAME),9.500000e+01,9.532570e+01,431.4919,3.257000e-01,over-covered,1.261800e+00,557.5894,1.2618,341.9657,2610,2610
1,H16,Unified XGBoost,9.000000e+01,9.030650e+01,569.9675,3.065000e-01,over-covered,1.666700e+00,764.6523,1.6667,341.9657,2610,2610
1,H16,Unified XGBoost,9.500000e+01,9.624520e+01,770.7102,1.245200e+00,over-covered,2.253800e+00,907.5767,2.2538,341.9657,2610,2610
1,H16,Persistence,9.000000e+01,8.624520e+01,204.0,-3.754800e+00,under-covered,5.966000e-01,411.1571,4.4959,341.9657,2610,2610
1,H16,Persistence,9.500000e+01,9.570880e+01,380.0,7.088000e-01,over-covered,1.111200e+00,544.5977,1.1112,341.9657,2610,2610
1,H32,Proposed (FAME),9.000000e+01,8.873130e+01,284.4669,-1.268700e+00,under-covered,8.317000e-01,430.1669,2.4002,342.0141,2608,2609
1,H32,Proposed (FAME),9.500000e+01,9.532390e+01,404.5935,3.239000e-01,over-covered,1.183000e+00,527.008,1.183,342.0141,2608,2609
1,H32,Unified XGBoost,9.000000e+01,8.980450e+01,708.8878,-1.955000e-01,under-covered,2.072700e+00,930.4923,4.3582,342.0141,2608,2609
1,H32,Unified XGBoost,9.500000e+01,9.708700e+01,978.2745,2.087000e+00,over-covered,2.860300e+00,1097.0099,2.8603,342.0141,2608,2609
1,H32,Persistence,9.000000e+01,8.623990e+01,204.0,-3.760100e+00,under-covered,5.965000e-01,411.2365,4.5055,342.0141,2608,2609
1,H32,Persistence,9.500000e+01,9.570720e+01,378.0,7.072000e-01,over-covered,1.105200e+00,544.3779,1.1052,342.0141,2608,2609
1,H96,Proposed (FAME),9.000000e+01,8.982330e+01,314.9055,-1.767000e-01,under-covered,9.215000e-01,438.5244,1.9282,341.7139,2604,2604
1,H96,Proposed (FAME),9.500000e+01,9.543010e+01,400.756,4.301000e-01,over-covered,1.172800e+00,529.2738,1.1728,341.7139,2604,2604
1,H96,Unified XGBoost,9.000000e+01,9.316440e+01,1023.5051,3.164400e+00,over-covered,2.995200e+00,1153.6003,2.9952,341.7139,2604,2604
1,H96,Unified XGBoost,9.500000e+01,9.765750e+01,1234.4544,2.657500e+00,over-covered,3.612500e+00,1308.2097,3.6125,341.7139,2604,2604
1,H96,Persistence,9.000000e+01,8.575270e+01,202.0,-4.247300e+00,under-covered,5.911000e-01,412.4301,5.534,341.7139,2604,2604
1,H96,Persistence,9.500000e+01,9.562210e+01,370.0,6.221000e-01,over-covered,1.082800e+00,543.6559,1.0828,341.7139,2604,2604
2,H1,Proposed (FAME),9.000000e+01,8.326740e+01,91.4743,-6.732600e+00,under-covered,4.159000e-01,273.9634,12.4635,219.9685,2528,2528
2,H1,Proposed (FAME),9.500000e+01,9.319620e+01,195.2113,-1.803800e+00,under-covered,8.875000e-01,335.2889,3.0744,219.9685,2528,2528
2,H1,Unified XGBoost,9.000000e+01,8.255540e+01,86.9201,-7.444600e+00,under-covered,3.951000e-01,271.9836,16.7384,219.9685,2528,2528
2,H1,Unified XGBoost,9.500000e+01,9.212820e+01,173.7036,-2.871800e+00,under-covered,7.897000e-01,339.9908,4.1091,219.9685,2528,2528
2,H1,Persistence,9.000000e+01,8.571990e+01,120.8,-4.280100e+00,under-covered,5.492000e-01,298.0913,5.2169,219.9685,2528,2528
2,H1,Persistence,9.500000e+01,9.204910e+01,196.36,-2.950900e+00,under-covered,8.927000e-01,392.6265,4.7964,219.9685,2528,2528
2,H4,Proposed (FAME),9.000000e+01,8.469150e+01,122.1342,-5.308500e+00,under-covered,5.552000e-01,277.5295,8.4477,219.9685,2528,2528
2,H4,Proposed (FAME),9.500000e+01,9.260280e+01,198.8632,-2.397200e+00,under-covered,9.041000e-01,344.9679,3.9013,219.9685,2528,2528
2,H4,Unified XGBoost,9.000000e+01,8.037970e+01,144.3543,-9.620300e+00,under-covered,6.562000e-01,388.8401,81.2091,219.9685,2528,2528
2,H4,Unified XGBoost,9.500000e+01,9.276110e+01,270.2432,-2.238900e+00,under-covered,1.228600e+00,454.2999,4.9919,219.9685,2528,2528
2,H4,Persistence,9.000000e+01,8.571990e+01,120.8,-4.280100e+00,under-covered,5.492000e-01,298.0913,5.2169,219.9685,2528,2528
2,H4,Persistence,9.500000e+01,9.204910e+01,196.36,-2.950900e+00,under-covered,8.927000e-01,392.6265,4.7964,219.9685,2528,2528
2,H8,Proposed (FAME),9.000000e+01,8.453320e+01,130.5718,-5.466800e+00,under-covered,5.936000e-01,285.5629,9.7265,219.9567,2527,2528
2,H8,Proposed (FAME),9.500000e+01,9.161390e+01,191.9838,-3.386100e+00,under-covered,8.728000e-01,364.1173,5.6175,219.9567,2527,2528
2,H8,Unified XGBoost,9.000000e+01,7.828320e+01,183.2371,-1.171680e+01,under-covered,8.331000e-01,468.0289,292.536,219.9567,2527,2528
2,H8,Unified XGBoost,9.500000e+01,9.070410e+01,295.7014,-4.295900e+00,under-covered,1.344400e+00,537.1207,12.8618,219.9567,2527,2528
2,H8,Persistence,9.000000e+01,8.571990e+01,120.8,-4.280100e+00,under-covered,5.492000e-01,298.0913,5.2172,219.9567,2527,2528
2,H8,Persistence,9.500000e+01,9.204910e+01,196.36,-2.950900e+00,under-covered,8.927000e-01,392.6265,4.7967,219.9567,2527,2528
2,H16,Proposed (FAME),9.000000e+01,8.599130e+01,141.4036,-4.008700e+00,under-covered,6.429000e-01,288.0761,5.4143,219.9378,2527,2527
2,H16,Proposed (FAME),9.500000e+01,9.204590e+01,196.6467,-2.954100e+00,under-covered,8.941000e-01,374.7245,4.8103,219.9378,2527,2527
2,H16,Unified XGBoost,9.000000e+01,8.425010e+01,269.783,-5.749900e+00,under-covered,1.226600e+00,480.5241,22.9682,219.9378,2527,2527
2,H16,Unified XGBoost,9.500000e+01,9.125450e+01,355.9184,-3.745500e+00,under-covered,1.618300e+00,572.9467,12.1472,219.9378,2527,2527
2,H16,Persistence,9.000000e+01,8.571430e+01,120.8,-4.285700e+00,under-covered,5.492000e-01,298.1615,5.2309,219.9378,2527,2527
2,H16,Persistence,9.500000e+01,9.204590e+01,196.36,-2.954100e+00,under-covered,8.928000e-01,392.7041,4.8032,219.9378,2527,2527
2,H32,Proposed (FAME),9.000000e+01,8.574820e+01,136.1434,-4.251800e+00,under-covered,6.191000e-01,292.3312,5.8077,219.8932,2526,2526
2,H32,Proposed (FAME),9.500000e+01,9.224070e+01,198.7389,-2.759300e+00,under-covered,9.038000e-01,379.8106,4.4951,219.8932,2526,2526
2,H32,Unified XGBoost,9.000000e+01,8.915280e+01,340.6177,-8.472000e-01,under-covered,1.549000e+00,475.6943,3.915,219.8932,2526,2526
2,H32,Unified XGBoost,9.500000e+01,9.453680e+01,430.0863,-4.632000e-01,under-covered,1.955900e+00,558.8791,4.4215,219.8932,2526,2526
2,H32,Persistence,9.000000e+01,8.570860e+01,120.8,-4.291400e+00,under-covered,5.494000e-01,298.2317,5.2452,219.8932,2526,2526
2,H32,Persistence,9.500000e+01,9.204280e+01,196.36,-2.957200e+00,under-covered,8.930000e-01,392.7819,4.8104,219.8932,2526,2526
2,H96,Proposed (FAME),9.000000e+01,8.960730e+01,155.3536,-3.927000e-01,under-covered,7.062000e-01,278.0978,1.5657,219.97,2521,2521
2,H96,Proposed (FAME),9.500000e+01,9.321700e+01,211.3578,-1.783000e+00,under-covered,9.608000e-01,363.2363,3.3042,219.97,2521,2521
2,H96,Unified XGBoost,9.000000e+01,9.345500e+01,568.2659,3.455000e+00,over-covered,2.583400e+00,642.3117,2.5834,219.97,2521,2521
2,H96,Unified XGBoost,9.500000e+01,9.678700e+01,663.7729,1.787000e+00,over-covered,3.017600e+00,724.6791,3.0176,219.97,2521,2521
2,H96,Persistence,9.000000e+01,8.583900e+01,121.48,-4.161000e+00,under-covered,5.523000e-01,295.9326,4.9751,219.97,2521,2521
2,H96,Persistence,9.500000e+01,9.218560e+01,198.7,-2.814400e+00,under-covered,9.033000e-01,388.3006,4.5928,219.97,2521,2521
4,H1,Proposed (FAME),9.000000e+01,9.657730e+01,199.707,6.577300e+00,over-covered,8.111000e-01,229.5806,0.8111,246.2227,2424,2425
4,H1,Proposed (FAME),9.500000e+01,9.905150e+01,292.4427,4.051500e+00,over-covered,1.187700e+00,315.576,1.1877,246.2227,2424,2425
4,H1,Unified XGBoost,9.000000e+01,9.657730e+01,196.3537,6.577300e+00,over-covered,7.975000e-01,229.1699,0.7975,246.2227,2424,2425
4,H1,Unified XGBoost,9.500000e+01,9.896910e+01,294.8987,3.969100e+00,over-covered,1.197700e+00,317.338,1.1977,246.2227,2424,2425
4,H1,Persistence,9.000000e+01,9.575260e+01,196.8,5.752600e+00,over-covered,7.993000e-01,237.3971,0.7993,246.2227,2424,2425
4,H1,Persistence,9.500000e+01,9.901030e+01,316.8,4.010300e+00,over-covered,1.286600e+00,342.5534,1.2866,246.2227,2424,2425
4,H4,Proposed (FAME),9.000000e+01,9.612210e+01,205.3725,6.122100e+00,over-covered,8.340000e-01,241.9395,0.834,246.2418,2424,2424
4,H4,Proposed (FAME),9.500000e+01,9.839110e+01,293.523,3.391100e+00,over-covered,1.192000e+00,323.196,1.192,246.2418,2424,2424
4,H4,Unified XGBoost,9.000000e+01,9.554460e+01,332.8,5.544600e+00,over-covered,1.351500e+00,386.135,1.3515,246.2418,2424,2424
4,H4,Unified XGBoost,9.500000e+01,9.834980e+01,454.1224,3.349800e+00,over-covered,1.844200e+00,494.8084,1.8442,246.2418,2424,2424
4,H4,Persistence,9.000000e+01,9.575080e+01,196.8,5.750800e+00,over-covered,7.992000e-01,237.4139,0.7992,246.2418,2424,2424
4,H4,Persistence,9.500000e+01,9.900990e+01,316.8,4.009900e+00,over-covered,1.286500e+00,342.564,1.2865,246.2418,2424,2424
4,H8,Proposed (FAME),9.000000e+01,9.533830e+01,206.5828,5.338300e+00,over-covered,8.389000e-01,247.9526,0.8389,246.2418,2424,2424
4,H8,Proposed (FAME),9.500000e+01,9.839110e+01,293.1332,3.391100e+00,over-covered,1.190400e+00,323.5213,1.1904,246.2418,2424,2424
4,H8,Unified XGBoost,9.000000e+01,9.443070e+01,420.7699,4.430700e+00,over-covered,1.708800e+00,520.1359,1.7088,246.2418,2424,2424
4,H8,Unified XGBoost,9.500000e+01,9.645210e+01,523.9957,1.452100e+00,over-covered,2.128000e+00,631.3878,2.128,246.2418,2424,2424
4,H8,Persistence,9.000000e+01,9.575080e+01,196.8,5.750800e+00,over-covered,7.992000e-01,237.4139,0.7992,246.2418,2424,2424
4,H8,Persistence,9.500000e+01,9.900990e+01,316.8,4.009900e+00,over-covered,1.286500e+00,342.564,1.2865,246.2418,2424,2424
4,H16,Proposed (FAME),9.000000e+01,9.509080e+01,205.7742,5.090800e+00,over-covered,8.356000e-01,247.6867,0.8356,246.265,2423,2424
4,H16,Proposed (FAME),9.500000e+01,9.859740e+01,299.5922,3.597400e+00,over-covered,1.216500e+00,329.2368,1.2165,246.265,2423,2424
4,H16,Unified XGBoost,9.000000e+01,9.253300e+01,563.9553,2.533000e+00,over-covered,2.290000e+00,672.6624,2.29,246.265,2423,2424
4,H16,Unified XGBoost,9.500000e+01,9.669970e+01,679.8775,1.699700e+00,over-covered,2.760800e+00,772.5711,2.7608,246.265,2423,2424
4,H16,Persistence,9.000000e+01,9.575080e+01,196.8,5.750800e+00,over-covered,7.991000e-01,237.4139,0.7991,246.265,2423,2424
4,H16,Persistence,9.500000e+01,9.900990e+01,316.8,4.009900e+00,over-covered,1.286400e+00,342.564,1.2864,246.265,2423,2424
4,H32,Proposed (FAME),9.000000e+01,9.574730e+01,215.1354,5.747300e+00,over-covered,8.734000e-01,250.9959,0.8734,246.3333,2422,2422
4,H32,Proposed (FAME),9.500000e+01,9.859620e+01,302.163,3.596200e+00,over-covered,1.226600e+00,326.5784,1.2266,246.3333,2422,2422
4,H32,Unified XGBoost,9.000000e+01,9.347650e+01,753.6803,3.476500e+00,over-covered,3.059600e+00,829.8403,3.0596,246.3333,2422,2422
4,H32,Unified XGBoost,9.500000e+01,9.772910e+01,895.1198,2.729100e+00,over-covered,3.633800e+00,934.3365,3.6338,246.3333,2422,2422
4,H32,Persistence,9.000000e+01,9.574730e+01,196.8,5.747300e+00,over-covered,7.989000e-01,237.4474,0.7989,246.3333,2422,2422
4,H32,Persistence,9.500000e+01,9.900910e+01,316.8,4.009100e+00,over-covered,1.286100e+00,342.5853,1.2861,246.3333,2422,2422
4,H96,Proposed (FAME),9.000000e+01,9.640200e+01,217.3034,6.402000e+00,over-covered,8.828000e-01,249.9808,0.8828,246.1516,2417,2418
4,H96,Proposed (FAME),9.500000e+01,9.888340e+01,308.6833,3.883400e+00,over-covered,1.254000e+00,333.16,1.254,246.1516,2417,2418
4,H96,Unified XGBoost,9.000000e+01,9.549210e+01,880.3649,5.492100e+00,over-covered,3.576500e+00,924.9126,3.5765,246.1516,2417,2418
4,H96,Unified XGBoost,9.500000e+01,9.884200e+01,1029.0041,3.842000e+00,over-covered,4.180400e+00,1042.2166,4.1804,246.1516,2417,2418
4,H96,Persistence,9.000000e+01,9.574030e+01,196.4,5.740300e+00,over-covered,7.979000e-01,237.285,0.7979,246.1516,2417,2418
4,H96,Persistence,9.500000e+01,9.892470e+01,312.8,3.924700e+00,over-covered,1.270800e+00,339.4518,1.2708,246.1516,2417,2418
5,H1,Proposed (FAME),9.000000e+01,9.604320e+01,342.5877,6.043200e+00,over-covered,1.145700e+00,407.6282,1.1457,299.0157,2502,2502
5,H1,Proposed (FAME),9.500000e+01,9.844120e+01,494.3771,3.441200e+00,over-covered,1.653300e+00,549.7375,1.6533,299.0157,2502,2502
5,H1,Unified XGBoost,9.000000e+01,9.604320e+01,341.5948,6.043200e+00,over-covered,1.142400e+00,413.8701,1.1424,299.0157,2502,2502
5,H1,Unified XGBoost,9.500000e+01,9.832130e+01,490.5698,3.321300e+00,over-covered,1.640600e+00,552.9344,1.6406,299.0157,2502,2502
5,H1,Persistence,9.000000e+01,9.632290e+01,340.0,6.322900e+00,over-covered,1.137100e+00,428.785,1.1371,299.0157,2502,2502
5,H1,Persistence,9.500000e+01,9.852120e+01,562.0,3.521200e+00,over-covered,1.879500e+00,629.53,1.8795,299.0157,2502,2502
5,H4,Proposed (FAME),9.000000e+01,9.536370e+01,345.642,5.363700e+00,over-covered,1.155900e+00,417.5272,1.1559,299.0157,2502,2502
5,H4,Proposed (FAME),9.500000e+01,9.864110e+01,513.3629,3.641100e+00,over-covered,1.716800e+00,562.9111,1.7168,299.0157,2502,2502
5,H4,Unified XGBoost,9.000000e+01,9.512390e+01,477.0729,5.123900e+00,over-covered,1.595500e+00,576.89,1.5955,299.0157,2502,2502
5,H4,Unified XGBoost,9.500000e+01,9.736210e+01,604.6191,2.362100e+00,over-covered,2.022000e+00,712.4036,2.022,299.0157,2502,2502
5,H4,Persistence,9.000000e+01,9.632290e+01,340.0,6.322900e+00,over-covered,1.137100e+00,428.785,1.1371,299.0157,2502,2502
5,H4,Persistence,9.500000e+01,9.852120e+01,562.0,3.521200e+00,over-covered,1.879500e+00,629.53,1.8795,299.0157,2502,2502
5,H8,Proposed (FAME),9.000000e+01,9.536370e+01,354.6173,5.363700e+00,over-covered,1.186300e+00,424.8566,1.1863,298.9273,2501,2502
5,H8,Proposed (FAME),9.500000e+01,9.824140e+01,504.9596,3.241400e+00,over-covered,1.689200e+00,565.9713,1.6892,298.9273,2501,2502
5,H8,Unified XGBoost,9.000000e+01,9.332530e+01,577.1984,3.325300e+00,over-covered,1.930900e+00,714.8575,1.9309,298.9273,2501,2502
5,H8,Unified XGBoost,9.500000e+01,9.676260e+01,737.7107,1.762600e+00,over-covered,2.467900e+00,856.4447,2.4679,298.9273,2501,2502
5,H8,Persistence,9.000000e+01,9.632290e+01,340.0,6.322900e+00,over-covered,1.137400e+00,428.785,1.1374,298.9273,2501,2502
5,H8,Persistence,9.500000e+01,9.852120e+01,562.0,3.521200e+00,over-covered,1.880100e+00,629.53,1.8801,298.9273,2501,2502
5,H16,Proposed (FAME),9.000000e+01,9.544180e+01,344.913,5.441800e+00,over-covered,1.154200e+00,418.5192,1.1542,298.8283,2501,2501
5,H16,Proposed (FAME),9.500000e+01,9.848060e+01,518.0543,3.480600e+00,over-covered,1.733600e+00,579.1766,1.7336,298.8283,2501,2501
5,H16,Unified XGBoost,9.000000e+01,9.056380e+01,790.4462,5.638000e-01,over-covered,2.645200e+00,980.3426,2.6452,298.8283,2501,2501
5,H16,Unified XGBoost,9.500000e+01,9.472210e+01,926.8086,-2.779000e-01,under-covered,3.101500e+00,1111.855,6.6653,298.8283,2501,2501
5,H16,Persistence,9.000000e+01,9.632150e+01,340.0,6.321500e+00,over-covered,1.137800e+00,428.8205,1.1378,298.8283,2501,2501
5,H16,Persistence,9.500000e+01,9.852060e+01,562.0,3.520600e+00,over-covered,1.880700e+00,629.557,1.8807,298.8283,2501,2501
5,H32,Proposed (FAME),9.000000e+01,9.428000e+01,348.4222,4.280000e+00,over-covered,1.166800e+00,430.329,1.1668,298.6082,2500,2500
5,H32,Proposed (FAME),9.500000e+01,9.848000e+01,538.4245,3.480000e+00,over-covered,1.803100e+00,598.0665,1.8031,298.6082,2500,2500
5,H32,Unified XGBoost,9.000000e+01,9.160000e+01,814.9418,1.600000e+00,over-covered,2.729100e+00,946.6909,2.7291,298.6082,2500,2500
5,H32,Unified XGBoost,9.500000e+01,9.684000e+01,971.5434,1.840000e+00,over-covered,3.253600e+00,1063.4265,3.2536,298.6082,2500,2500
5,H32,Persistence,9.000000e+01,9.632000e+01,340.0,6.320000e+00,over-covered,1.138600e+00,428.856,1.1386,298.6082,2500,2500
5,H32,Persistence,9.500000e+01,9.852000e+01,562.0,3.520000e+00,over-covered,1.882100e+00,629.584,1.8821,298.6082,2500,2500
5,H96,Proposed (FAME),9.000000e+01,9.551100e+01,356.4544,5.511000e+00,over-covered,1.196200e+00,431.6037,1.1962,297.9922,2495,2495
5,H96,Proposed (FAME),9.500000e+01,9.871740e+01,539.1584,3.717400e+00,over-covered,1.809300e+00,597.5675,1.8093,297.9922,2495,2495
5,H96,Unified XGBoost,9.000000e+01,8.781560e+01,954.8584,-2.184400e+00,under-covered,3.204300e+00,1209.8202,12.7556,297.9922,2495,2495
5,H96,Unified XGBoost,9.500000e+01,9.194390e+01,1078.3743,-3.056100e+00,under-covered,3.618800e+00,1342.7573,20.2986,297.9922,2495,2495
5,H96,Persistence,9.000000e+01,9.631260e+01,338.0,6.312600e+00,over-covered,1.134300e+00,425.8717,1.1343,297.9922,2495,2495
5,H96,Persistence,9.500000e+01,9.855710e+01,562.0,3.557100e+00,over-covered,1.886000e+00,627.7154,1.886,297.9922,2495,2495
6,H1,Proposed (FAME),9.000000e+01,9.710820e+01,405.1729,7.108200e+00,over-covered,1.111400e+00,463.8242,1.1114,364.5551,2559,2559
6,H1,Proposed (FAME),9.500000e+01,9.867140e+01,579.176,3.671400e+00,over-covered,1.588700e+00,621.7432,1.5887,364.5551,2559,2559
6,H1,Unified XGBoost,9.000000e+01,9.706920e+01,415.2929,7.069200e+00,over-covered,1.139200e+00,473.4821,1.1392,364.5551,2559,2559
6,H1,Unified XGBoost,9.500000e+01,9.859320e+01,576.3862,3.593200e+00,over-covered,1.581100e+00,622.7955,1.5811,364.5551,2559,2559
6,H1,Persistence,9.000000e+01,9.714730e+01,432.2666,7.147300e+00,over-covered,1.185700e+00,499.6752,1.1857,364.5551,2559,2559
6,H1,Persistence,9.500000e+01,9.878860e+01,636.2,3.788600e+00,over-covered,1.745100e+00,687.9853,1.7451,364.5551,2559,2559
6,H4,Proposed (FAME),9.000000e+01,9.683470e+01,412.659,6.834700e+00,over-covered,1.132000e+00,474.6625,1.132,364.5551,2559,2559
6,H4,Proposed (FAME),9.500000e+01,9.859320e+01,588.5188,3.593200e+00,over-covered,1.614300e+00,636.2484,1.6143,364.5551,2559,2559
6,H4,Unified XGBoost,9.000000e+01,9.652210e+01,630.0229,6.522100e+00,over-covered,1.728200e+00,716.3662,1.7282,364.5551,2559,2559
6,H4,Unified XGBoost,9.500000e+01,9.812430e+01,798.9534,3.124300e+00,over-covered,2.191600e+00,884.9759,2.1916,364.5551,2559,2559
6,H4,Persistence,9.000000e+01,9.714730e+01,432.2666,7.147300e+00,over-covered,1.185700e+00,499.6752,1.1857,364.5551,2559,2559
6,H4,Persistence,9.500000e+01,9.878860e+01,636.2,3.788600e+00,over-covered,1.745100e+00,687.9853,1.7451,364.5551,2559,2559
6,H8,Proposed (FAME),9.000000e+01,9.706920e+01,436.1249,7.069200e+00,over-covered,1.196300e+00,492.8736,1.1963,364.5592,2558,2559
6,H8,Proposed (FAME),9.500000e+01,9.859320e+01,593.6074,3.593200e+00,over-covered,1.628300e+00,644.3248,1.6283,364.5592,2558,2559
6,H8,Unified XGBoost,9.000000e+01,9.562330e+01,725.6204,5.623300e+00,over-covered,1.990400e+00,827.7955,1.9904,364.5592,2558,2559
6,H8,Unified XGBoost,9.500000e+01,9.796800e+01,894.8016,2.968000e+00,over-covered,2.454500e+00,994.2285,2.4545,364.5592,2558,2559
6,H8,Persistence,9.000000e+01,9.714730e+01,433.0,7.147300e+00,over-covered,1.187700e+00,500.1994,1.1877,364.5592,2558,2559
6,H8,Persistence,9.500000e+01,9.878860e+01,636.8666,3.788600e+00,over-covered,1.746900e+00,688.4905,1.7469,364.5592,2558,2559
6,H16,Proposed (FAME),9.000000e+01,9.667710e+01,418.172,6.677100e+00,over-covered,1.147000e+00,483.5306,1.147,364.5713,2558,2558
6,H16,Proposed (FAME),9.500000e+01,9.859270e+01,603.8063,3.592700e+00,over-covered,1.656200e+00,654.1231,1.6562,364.5713,2558,2558
6,H16,Unified XGBoost,9.000000e+01,9.444880e+01,832.8791,4.448800e+00,over-covered,2.284500e+00,968.4966,2.2845,364.5713,2558,2558
6,H16,Unified XGBoost,9.500000e+01,9.679440e+01,982.2848,1.794400e+00,over-covered,2.694400e+00,1128.1708,2.6944,364.5713,2558,2558
6,H16,Persistence,9.000000e+01,9.714620e+01,433.0,7.146200e+00,over-covered,1.187700e+00,500.2257,1.1877,364.5713,2558,2558
6,H16,Persistence,9.500000e+01,9.878810e+01,636.8666,3.788100e+00,over-covered,1.746900e+00,688.5106,1.7469,364.5713,2558,2558
6,H32,Proposed (FAME),9.000000e+01,9.691040e+01,422.7667,6.910400e+00,over-covered,1.159400e+00,489.8688,1.1594,364.6381,2557,2557
6,H32,Proposed (FAME),9.500000e+01,9.867030e+01,605.8889,3.670300e+00,over-covered,1.661600e+00,659.0694,1.6616,364.6381,2557,2557
6,H32,Unified XGBoost,9.000000e+01,9.550250e+01,965.038,5.502500e+00,over-covered,2.646600e+00,1064.1222,2.6466,364.6381,2557,2557
6,H32,Unified XGBoost,9.500000e+01,9.808370e+01,1156.0312,3.083700e+00,over-covered,3.170400e+00,1233.5967,3.1704,364.6381,2557,2557
6,H32,Persistence,9.000000e+01,9.714510e+01,433.0,7.145100e+00,over-covered,1.187500e+00,500.252,1.1875,364.6381,2557,2557
6,H32,Persistence,9.500000e+01,9.878760e+01,636.8666,3.787600e+00,over-covered,1.746600e+00,688.5308,1.7466,364.6381,2557,2557
6,H96,Proposed (FAME),9.000000e+01,9.686520e+01,429.7066,6.865200e+00,over-covered,1.177800e+00,492.2165,1.1778,364.8449,2552,2552
6,H96,Proposed (FAME),9.500000e+01,9.890280e+01,622.808,3.902800e+00,over-covered,1.707000e+00,668.9819,1.707,364.8449,2552,2552
6,H96,Unified XGBoost,9.000000e+01,9.478840e+01,1139.4745,4.788400e+00,over-covered,3.123200e+00,1221.5131,3.1232,364.8449,2552,2552
6,H96,Unified XGBoost,9.500000e+01,9.800160e+01,1312.8112,3.001600e+00,over-covered,3.598300e+00,1356.246,3.5983,364.8449,2552,2552
6,H96,Persistence,9.000000e+01,9.713950e+01,432.2666,7.139500e+00,over-covered,1.184800e+00,499.8601,1.1848,364.8449,2552,2552
6,H96,Persistence,9.500000e+01,9.878530e+01,636.8666,3.785300e+00,over-covered,1.745600e+00,688.6321,1.7456,364.8449,2552,2552
7,H1,Proposed (FAME),9.000000e+01,9.672060e+01,457.6385,6.720600e+00,over-covered,1.745600e+00,508.7222,1.7456,262.167,2409,2409
7,H1,Proposed (FAME),9.500000e+01,9.842260e+01,596.9969,3.422600e+00,over-covered,2.277200e+00,637.3876,2.2772,262.167,2409,2409
7,H1,Unified XGBoost,9.000000e+01,9.676210e+01,457.044,6.762100e+00,over-covered,1.743300e+00,503.8047,1.7433,262.167,2409,2409
7,H1,Unified XGBoost,9.500000e+01,9.863010e+01,595.0194,3.630100e+00,over-covered,2.269600e+00,629.9773,2.2696,262.167,2409,2409
7,H1,Persistence,9.000000e+01,9.672060e+01,483.6,6.720600e+00,over-covered,1.844600e+00,543.3209,1.8446,262.167,2409,2409
7,H1,Persistence,9.500000e+01,9.887920e+01,677.0,3.879200e+00,over-covered,2.582300e+00,712.1973,2.5823,262.167,2409,2409
7,H4,Proposed (FAME),9.000000e+01,9.676210e+01,463.2242,6.762100e+00,over-covered,1.766900e+00,508.0706,1.7669,262.167,2409,2409
7,H4,Proposed (FAME),9.500000e+01,9.879620e+01,594.6041,3.796200e+00,over-covered,2.268000e+00,629.1819,2.268,262.167,2409,2409
7,H4,Unified XGBoost,9.000000e+01,9.738480e+01,626.6152,7.384800e+00,over-covered,2.390100e+00,667.0396,2.3901,262.167,2409,2409
7,H4,Unified XGBoost,9.500000e+01,9.896220e+01,794.5761,3.962200e+00,over-covered,3.030800e+00,816.1984,3.0308,262.167,2409,2409
7,H4,Persistence,9.000000e+01,9.672060e+01,483.6,6.720600e+00,over-covered,1.844600e+00,543.3209,1.8446,262.167,2409,2409
7,H4,Persistence,9.500000e+01,9.887920e+01,677.0,3.879200e+00,over-covered,2.582300e+00,712.1973,2.5823,262.167,2409,2409
7,H8,Proposed (FAME),9.000000e+01,9.655460e+01,449.5201,6.554600e+00,over-covered,1.715200e+00,501.0829,1.7152,262.0779,2408,2409
7,H8,Proposed (FAME),9.500000e+01,9.858860e+01,601.887,3.588600e+00,over-covered,2.296600e+00,639.0819,2.2966,262.0779,2408,2409
7,H8,Unified XGBoost,9.000000e+01,9.771690e+01,664.0463,7.716900e+00,over-covered,2.533800e+00,697.2236,2.5338,262.0779,2408,2409
7,H8,Unified XGBoost,9.500000e+01,9.937730e+01,860.0237,4.377300e+00,over-covered,3.281600e+00,876.6768,3.2816,262.0779,2408,2409
7,H8,Persistence,9.000000e+01,9.672060e+01,484.2,6.720600e+00,over-covered,1.847500e+00,543.7241,1.8475,262.0779,2408,2409
7,H8,Persistence,9.500000e+01,9.887920e+01,677.0,3.879200e+00,over-covered,2.583200e+00,712.1973,2.5832,262.0779,2408,2409
7,H16,Proposed (FAME),9.000000e+01,9.676080e+01,456.7885,6.760800e+00,over-covered,1.743600e+00,511.2281,1.7436,261.9799,2408,2408
7,H16,Proposed (FAME),9.500000e+01,9.850500e+01,618.2634,3.505000e+00,over-covered,2.360000e+00,654.4397,2.36,261.9799,2408,2408
7,H16,Unified XGBoost,9.000000e+01,9.696840e+01,737.9325,6.968400e+00,over-covered,2.816800e+00,787.2851,2.8168,261.9799,2408,2408
7,H16,Unified XGBoost,9.500000e+01,9.850500e+01,868.4806,3.505000e+00,over-covered,3.315100e+00,909.7556,3.3151,261.9799,2408,2408
7,H16,Persistence,9.000000e+01,9.671930e+01,484.2,6.719300e+00,over-covered,1.848200e+00,543.7488,1.8482,261.9799,2408,2408
7,H16,Persistence,9.500000e+01,9.887870e+01,677.0,3.878700e+00,over-covered,2.584200e+00,712.2119,2.5842,261.9799,2408,2408
7,H32,Proposed (FAME),9.000000e+01,9.659330e+01,458.6111,6.593300e+00,over-covered,1.752100e+00,508.3974,1.7521,261.7485,2407,2407
7,H32,Proposed (FAME),9.500000e+01,9.867050e+01,613.471,3.670500e+00,over-covered,2.343700e+00,646.5353,2.3437,261.7485,2407,2407
7,H32,Unified XGBoost,9.000000e+01,9.385130e+01,756.8229,3.851300e+00,over-covered,2.891400e+00,850.6189,2.8914,261.7485,2407,2407
7,H32,Unified XGBoost,9.500000e+01,9.688410e+01,880.8743,1.884100e+00,over-covered,3.365300e+00,956.9491,3.3653,261.7485,2407,2407
7,H32,Persistence,9.000000e+01,9.671790e+01,484.2,6.717900e+00,over-covered,1.849900e+00,543.7736,1.8499,261.7485,2407,2407
7,H32,Persistence,9.500000e+01,9.887830e+01,677.0,3.878300e+00,over-covered,2.586500e+00,712.2265,2.5865,261.7485,2407,2407
7,H96,Proposed (FAME),9.000000e+01,9.662780e+01,464.4853,6.627800e+00,over-covered,1.782900e+00,518.7001,1.7829,260.5161,2402,2402
7,H96,Proposed (FAME),9.500000e+01,9.858450e+01,633.4194,3.584500e+00,over-covered,2.431400e+00,666.6909,2.4314,260.5161,2402,2402
7,H96,Unified XGBoost,9.000000e+01,9.741880e+01,851.0973,7.418800e+00,over-covered,3.267000e+00,886.4452,3.267,260.5161,2402,2402
7,H96,Unified XGBoost,9.500000e+01,9.904250e+01,1005.9569,4.042500e+00,over-covered,3.861400e+00,1027.4753,3.8614,260.5161,2402,2402
7,H96,Persistence,9.000000e+01,9.671110e+01,484.2,6.711100e+00,over-covered,1.858600e+00,543.8976,1.8586,260.5161,2402,2402
7,H96,Persistence,9.500000e+01,9.887590e+01,677.0,3.875900e+00,over-covered,2.598700e+00,712.2998,2.5987,260.5161,2402,2402
8,H1,Proposed (FAME),9.000000e+01,9.439290e+01,137.5357,4.392900e+00,over-covered,5.813000e-01,160.899,0.5813,236.5906,2478,2479
8,H1,Proposed (FAME),9.500000e+01,9.745870e+01,176.9052,2.458700e+00,over-covered,7.477000e-01,193.3241,0.7477,236.5906,2478,2479
8,H1,Unified XGBoost,9.000000e+01,9.273900e+01,130.7632,2.739000e+00,over-covered,5.527000e-01,161.2284,0.5527,236.5906,2478,2479
8,H1,Unified XGBoost,9.500000e+01,9.693420e+01,167.9075,1.934200e+00,over-covered,7.097000e-01,193.1534,0.7097,236.5906,2478,2479
8,H1,Persistence,9.000000e+01,9.310210e+01,178.28,3.102100e+00,over-covered,7.535000e-01,209.6934,0.7535,236.5906,2478,2479
8,H1,Persistence,9.500000e+01,9.729730e+01,224.8,2.297300e+00,over-covered,9.502000e-01,243.514,0.9502,236.5906,2478,2479
8,H4,Proposed (FAME),9.000000e+01,9.507870e+01,161.3276,5.078700e+00,over-covered,6.819000e-01,180.8947,0.6819,236.5906,2478,2479
8,H4,Proposed (FAME),9.500000e+01,9.790240e+01,201.799,2.902400e+00,over-covered,8.529000e-01,214.734,0.8529,236.5906,2478,2479
8,H4,Unified XGBoost,9.000000e+01,9.326340e+01,183.856,3.263400e+00,over-covered,7.771000e-01,222.1866,0.7771,236.5906,2478,2479
8,H4,Unified XGBoost,9.500000e+01,9.689390e+01,227.3288,1.893900e+00,over-covered,9.609000e-01,262.7832,0.9609,236.5906,2478,2479
8,H4,Persistence,9.000000e+01,9.310210e+01,178.28,3.102100e+00,over-covered,7.535000e-01,209.6934,0.7535,236.5906,2478,2479
8,H4,Persistence,9.500000e+01,9.729730e+01,224.8,2.297300e+00,over-covered,9.502000e-01,243.514,0.9502,236.5906,2478,2479
8,H8,Proposed (FAME),9.000000e+01,9.430990e+01,182.3472,4.309900e+00,over-covered,7.708000e-01,205.4287,0.7708,236.5633,2478,2478
8,H8,Proposed (FAME),9.500000e+01,9.806300e+01,227.1556,3.063000e+00,over-covered,9.602000e-01,240.9771,0.9602,236.5633,2478,2478
8,H8,Unified XGBoost,9.000000e+01,9.128330e+01,256.1262,1.283300e+00,over-covered,1.082700e+00,312.5272,1.0827,236.5633,2478,2478
8,H8,Unified XGBoost,9.500000e+01,9.608560e+01,313.1932,1.085600e+00,over-covered,1.323900e+00,357.9389,1.3239,236.5633,2478,2478
8,H8,Persistence,9.000000e+01,9.309930e+01,178.28,3.099300e+00,over-covered,7.536000e-01,209.7061,0.7536,236.5633,2478,2478
8,H8,Persistence,9.500000e+01,9.729620e+01,224.8,2.296200e+00,over-covered,9.503000e-01,243.5215,0.9503,236.5633,2478,2478
8,H16,Proposed (FAME),9.000000e+01,9.245360e+01,181.3523,2.453600e+00,over-covered,7.668000e-01,214.0903,0.7668,236.5045,2477,2478
8,H16,Proposed (FAME),9.500000e+01,9.717510e+01,226.1087,2.175100e+00,over-covered,9.560000e-01,246.7642,0.956,236.5045,2477,2478
8,H16,Unified XGBoost,9.000000e+01,9.136400e+01,408.3083,1.364000e+00,over-covered,1.726400e+00,490.6996,1.7264,236.5045,2477,2478
8,H16,Unified XGBoost,9.500000e+01,9.669090e+01,507.6377,1.690900e+00,over-covered,2.146400e+00,564.2864,2.1464,236.5045,2477,2478
8,H16,Persistence,9.000000e+01,9.309930e+01,177.94,3.099300e+00,over-covered,7.524000e-01,209.6007,0.7524,236.5045,2477,2478
8,H16,Persistence,9.500000e+01,9.729620e+01,224.8,2.296200e+00,over-covered,9.505000e-01,243.5215,0.9505,236.5045,2477,2478
8,H32,Proposed (FAME),9.000000e+01,9.172390e+01,180.2164,1.723900e+00,over-covered,7.620000e-01,217.9153,0.762,236.4973,2476,2477
8,H32,Proposed (FAME),9.500000e+01,9.644730e+01,222.1028,1.447300e+00,over-covered,9.391000e-01,249.5054,0.9391,236.4973,2476,2477
8,H32,Unified XGBoost,9.000000e+01,9.608400e+01,599.8237,6.084000e+00,over-covered,2.536300e+00,644.1208,2.5363,236.4973,2476,2477
8,H32,Unified XGBoost,9.500000e+01,9.834480e+01,713.8306,3.344800e+00,over-covered,3.018300e+00,743.9468,3.0183,236.4973,2476,2477
8,H32,Persistence,9.000000e+01,9.309650e+01,177.94,3.096500e+00,over-covered,7.524000e-01,209.6135,0.7524,236.4973,2476,2477
8,H32,Persistence,9.500000e+01,9.729510e+01,224.3,2.295100e+00,over-covered,9.484000e-01,243.2996,0.9484,236.4973,2476,2477
8,H96,Proposed (FAME),9.000000e+01,9.441750e+01,192.8931,4.417500e+00,over-covered,8.151000e-01,219.4286,0.8151,236.6606,2471,2472
8,H96,Proposed (FAME),9.500000e+01,9.757280e+01,236.0166,2.572800e+00,over-covered,9.973000e-01,254.8877,0.9973,236.6606,2471,2472
8,H96,Unified XGBoost,9.000000e+01,9.348710e+01,710.4576,3.487100e+00,over-covered,3.002000e+00,811.5202,3.002,236.6606,2471,2472
8,H96,Unified XGBoost,9.500000e+01,9.724920e+01,857.5508,2.249200e+00,over-covered,3.623500e+00,928.2198,3.6235,236.6606,2471,2472
8,H96,Persistence,9.000000e+01,9.308250e+01,177.78,3.082500e+00,over-covered,7.512000e-01,209.6282,0.7512,236.6606,2471,2472
8,H96,Persistence,9.500000e+01,9.728960e+01,224.3,2.289600e+00,over-covered,9.478000e-01,243.338,0.9478,236.6606,2471,2472
