station,horizon,model,bias_W,rmse_W,mae_W,mae_rmse_ratio,residual_std_W,residual_skew,residual_kurtosis,residual_autocorr_lag1
1,H1,Proposed (FAME),3.483933,76.215756,39.263708,0.515165,76.136087,0.874392,16.334713,0.071577
1,H1,Unified XGBoost,1.440993,76.845277,38.710082,0.503741,76.831766,0.713801,16.632119,0.045603
1,H1,Persistence,0.136921,94.145154,63.659709,0.676187,94.145055,0.000412,11.206935,0.059074
1,H4,Proposed (FAME),7.704271,86.61159,54.531192,0.629606,86.268255,0.377385,8.918356,0.315891
1,H4,Unified XGBoost,2.73458,109.653089,65.740511,0.599532,109.618986,0.182225,7.711292,0.608958
1,H4,Persistence,0.127562,94.151727,63.662517,0.676169,94.151641,0.000683,11.205667,0.059023
1,H8,Proposed (FAME),9.254797,100.234789,71.825747,0.716575,99.806621,0.288789,4.57646,0.436026
1,H8,Unified XGBoost,6.343247,138.689213,91.612896,0.660563,138.544076,0.292543,3.959305,0.713739
1,H8,Persistence,0.127562,94.151727,63.662517,0.676169,94.151641,0.000683,11.205667,0.059023
1,H16,Proposed (FAME),11.690814,110.537014,84.351386,0.763105,109.917043,0.329134,3.021254,0.492333
1,H16,Unified XGBoost,-0.037859,173.036515,125.437527,0.724919,173.036511,0.596295,1.972971,0.825888
1,H16,Persistence,0.117625,94.157995,63.664751,0.676148,94.157921,0.000968,11.204581,0.05875
1,H32,Proposed (FAME),-0.595079,101.484817,74.713799,0.736207,101.483072,0.46163,4.885846,0.372974
1,H32,Unified XGBoost,-35.484485,217.453102,165.296992,0.76015,214.538349,0.449768,1.427213,0.890679
1,H32,Persistence,0.080889,94.06714,63.602454,0.676139,94.067105,-0.002714,11.247971,0.059943
1,H96,Proposed (FAME),5.490063,109.823807,85.883874,0.782015,109.686498,0.152006,3.474818,0.427663
1,H96,Unified XGBoost,-0.71995,310.458133,257.076623,0.828056,310.457298,0.077008,-0.490922,0.93016
1,H96,Persistence,0.004032,93.980424,63.555108,0.676259,93.980424,-0.008239,11.289195,0.061468
2,H1,Proposed (FAME),4.622369,46.238245,24.630813,0.532694,46.006619,0.68065,14.22669,0.001652
2,H1,Unified XGBoost,2.065164,45.22039,22.946068,0.507427,45.173208,0.988276,15.462518,-0.005229
2,H1,Persistence,0.017251,55.697463,37.101444,0.666124,55.69746,-0.247913,9.28992,0.048779
2,H4,Proposed (FAME),7.163009,52.108535,34.98676,0.671421,51.613861,0.124135,7.95427,0.177917
2,H4,Unified XGBoost,6.782617,66.567132,39.31411,0.590593,66.220686,0.893345,8.362262,0.616798
2,H4,Persistence,0.017251,55.697463,37.101444,0.666124,55.69746,-0.247913,9.28992,0.048779
2,H8,Proposed (FAME),3.917379,53.968635,37.23402,0.68992,53.826274,0.049957,6.842293,0.190515
2,H8,Unified XGBoost,12.447648,78.460812,52.489794,0.668994,77.467123,0.823613,4.149712,0.715051
2,H8,Persistence,0.00779,55.698907,37.099319,0.666069,55.698907,-0.247559,9.290798,0.048699
2,H16,Proposed (FAME),1.420865,57.092737,41.257031,0.722632,57.075054,-0.169393,5.803106,0.239782
2,H16,Unified XGBoost,17.964719,93.545077,67.376231,0.720254,91.803868,0.645814,2.494813,0.78733
2,H16,Persistence,0.002268,55.703033,37.101136,0.666052,55.703033,-0.24728,9.289478,0.048683
2,H32,Proposed (FAME),-0.057878,57.955328,42.014495,0.724946,57.955299,-0.27322,5.991119,0.23753
2,H32,Unified XGBoost,3.807988,106.932569,80.281846,0.750771,106.864744,0.374456,1.516276,0.846354
2,H32,Persistence,-0.000503,55.713859,37.113052,0.666137,55.713859,-0.247086,9.284741,0.048686
2,H96,Proposed (FAME),2.815207,58.602443,42.077262,0.718012,58.534784,-0.175354,5.78285,0.222151
2,H96,Unified XGBoost,4.726089,168.721731,138.290025,0.819634,168.655526,0.051837,-0.277716,0.922427
2,H96,Persistence,0.08092,55.736565,37.105236,0.665725,55.736507,-0.250676,9.289712,0.047562
4,H1,Proposed (FAME),1.463003,53.230818,30.619588,0.575223,53.21071,0.541165,11.967951,0.007879
4,H1,Unified XGBoost,2.738996,52.811742,30.068548,0.569353,52.740667,0.618117,11.749576,-0.001837
4,H1,Persistence,0.01027,59.49855,38.057928,0.639645,59.49855,0.644028,10.536936,0.048724
4,H4,Proposed (FAME),2.065604,58.875468,38.762271,0.658377,58.839222,0.384276,8.325323,0.253807
4,H4,Unified XGBoost,9.070136,86.249844,56.492562,0.654987,85.771605,0.223345,4.962242,0.65384
4,H4,Persistence,0.020813,59.50016,38.055238,0.639582,59.500157,0.643708,10.537697,0.048576
4,H8,Proposed (FAME),3.485772,60.869327,41.226605,0.677297,60.769436,0.308105,7.359585,0.262232
4,H8,Unified XGBoost,16.607348,113.099025,80.226725,0.709349,111.873077,0.058571,2.304396,0.772911
4,H8,Persistence,0.020813,59.50016,38.055238,0.639582,59.500157,0.643708,10.537697,0.048576
4,H16,Proposed (FAME),4.099506,63.411731,44.64639,0.704071,63.279077,0.219599,6.38469,0.271467
4,H16,Unified XGBoost,23.181033,158.103561,120.082529,0.759518,156.394935,-0.256376,0.817654,0.867667
4,H16,Persistence,0.031628,59.501538,38.052278,0.639518,59.50153,0.643392,10.538648,0.048384
4,H32,Proposed (FAME),1.522211,64.718381,46.490794,0.718355,64.700477,0.152632,5.56183,0.287419
4,H32,Unified XGBoost,36.691041,213.773015,170.536031,0.797743,210.600735,-0.160855,0.026555,0.926858
4,H32,Persistence,0.072337,59.497435,38.035155,0.639274,59.497391,0.642714,10.548102,0.047664
4,H96,Proposed (FAME),-7.426479,64.59318,45.212438,0.699957,64.164837,0.169464,6.18105,0.258659
4,H96,Unified XGBoost,28.424322,258.549888,216.392535,0.836947,256.982689,-0.330633,-0.555331,0.945343
4,H96,Persistence,0.15181,59.312228,37.944011,0.639733,59.312034,0.664244,10.593057,0.045327
5,H1,Proposed (FAME),-1.373965,89.727794,50.059932,0.557909,89.717273,0.282321,10.886745,0.103615
5,H1,Unified XGBoost,-1.997284,92.357538,53.050151,0.5744,92.335939,-0.092842,10.644198,0.118659
5,H1,Persistence,0.166667,100.545906,55.988409,0.556844,100.545768,0.162952,13.089925,-0.19406
5,H4,Proposed (FAME),0.435381,95.289762,58.887445,0.617983,95.288767,-0.156099,7.657059,0.182881
5,H4,Unified XGBoost,9.178512,127.192331,85.810984,0.674655,126.860727,-0.155378,4.230504,0.611834
5,H4,Persistence,0.166667,100.545906,55.988409,0.556844,100.545768,0.162952,13.089925,-0.19406
5,H8,Proposed (FAME),9.907488,101.83247,68.585354,0.673512,101.349364,-0.323165,6.482487,0.198312
5,H8,Unified XGBoost,27.392948,164.017897,121.208569,0.738996,161.714245,-0.151838,1.529248,0.748252
5,H8,Persistence,0.173096,100.554936,55.993204,0.556842,100.554787,0.162756,13.087324,-0.19408
5,H16,Proposed (FAME),3.194643,105.582052,72.599709,0.687614,105.53371,-0.367107,6.008959,0.179479
5,H16,Unified XGBoost,50.41873,228.172745,176.217952,0.772301,222.532589,-0.093929,0.33286,0.85196
5,H16,Persistence,0.178329,100.564315,55.9992,0.55685,100.564157,0.16259,13.08451,-0.194098
5,H32,Proposed (FAME),-10.994456,110.655611,75.670524,0.683838,110.108066,-0.355761,5.727287,0.199466
5,H32,Unified XGBoost,14.08504,241.994482,195.320591,0.807128,241.584232,-0.375233,-0.180356,0.890258
5,H32,Persistence,0.1828,100.583541,56.0144,0.556894,100.583375,0.162433,13.078619,-0.194094
5,H96,Proposed (FAME),-17.5311,110.711876,76.399484,0.690075,109.315049,-0.46894,5.593114,0.160456
5,H96,Unified XGBoost,18.327138,299.962953,248.578257,0.828697,299.402554,-0.471595,-0.488216,0.925222
5,H96,Persistence,0.172745,99.849532,55.797595,0.558817,99.849383,0.183822,12.955329,-0.200154
6,H1,Proposed (FAME),-1.622865,101.241915,56.452682,0.557602,101.228908,-0.155923,9.329814,-0.017264
6,H1,Unified XGBoost,1.843664,102.998268,57.400551,0.557296,102.981766,-0.264884,9.617611,-0.021999
6,H1,Persistence,0.158923,115.022526,71.130451,0.618405,115.022416,-0.042189,8.6602,-0.007348
6,H4,Proposed (FAME),-0.728023,107.745949,67.480917,0.626297,107.74349,-0.281995,7.172164,0.159893
6,H4,Unified XGBoost,4.362146,157.429068,104.685207,0.664967,157.368622,-0.083751,3.468733,0.673702
6,H4,Persistence,0.158923,115.022526,71.130451,0.618405,115.022416,-0.042189,8.6602,-0.007348
6,H8,Proposed (FAME),5.527466,112.830976,74.623269,0.661372,112.695502,-0.225267,6.371869,0.183066
6,H8,Unified XGBoost,7.905792,189.72731,135.851608,0.716036,189.562524,-0.052406,1.758602,0.769995
6,H8,Persistence,0.16126,115.033646,71.142046,0.618446,115.033533,-0.042246,8.657974,-0.00734
6,H16,Proposed (FAME),8.153644,117.279613,81.571288,0.695528,116.995836,-0.267333,5.746139,0.184192
6,H16,Unified XGBoost,12.148637,226.111293,170.955984,0.75607,225.784693,-0.031501,0.77717,0.819523
6,H16,Persistence,0.152183,115.043043,71.146843,0.618437,115.042943,-0.04202,8.65642,-0.007482
6,H32,Proposed (FAME),0.680667,118.09864,81.303768,0.688439,118.096679,-0.285831,5.91065,0.175992
6,H32,Unified XGBoost,8.853645,256.445101,197.664688,0.770788,256.292222,0.036275,0.559858,0.874745
6,H32,Persistence,0.112156,115.030158,71.134581,0.618399,115.030103,-0.042095,8.664197,-0.007486
6,H96,Proposed (FAME),14.901803,119.005336,81.763492,0.687057,118.068651,-0.390128,6.372987,0.147521
6,H96,Unified XGBoost,36.012914,316.782383,254.47694,0.803318,314.72869,-0.204973,-0.121022,0.911409
6,H96,Persistence,0.086024,115.037848,71.093746,0.618003,115.037815,-0.042735,8.67979,-0.007907
7,H1,Proposed (FAME),10.65379,111.042548,67.910739,0.611574,110.530286,-0.184254,5.306574,-0.155196
7,H1,Unified XGBoost,3.153246,110.861797,68.665705,0.619381,110.816944,-0.320062,4.816341,-0.09689
7,H1,Persistence,0.181832,121.297207,77.515211,0.639052,121.297071,0.020694,5.517438,-0.174476
7,H4,Proposed (FAME),6.990568,113.61428,74.509552,0.655812,113.399015,-0.095877,4.567177,-0.005267
7,H4,Unified XGBoost,-6.62397,151.385842,103.666035,0.68478,151.240854,-0.119327,2.381247,0.587518
7,H4,Persistence,0.181832,121.297207,77.515211,0.639052,121.297071,0.020694,5.517438,-0.174476
7,H8,Proposed (FAME),13.566547,115.269992,78.193573,0.678352,114.46886,-0.227999,4.569464,-0.017505
7,H8,Unified XGBoost,-16.020127,165.462675,118.686885,0.717303,164.685313,-0.364862,1.677406,0.669016
7,H8,Persistence,0.189163,121.308741,77.52401,0.639064,121.308593,0.020516,5.515963,-0.174488
7,H16,Proposed (FAME),17.961484,117.523209,80.979207,0.689049,116.142541,-0.189687,4.367286,-0.042569
7,H16,Unified XGBoost,13.595656,185.675715,137.404151,0.740022,185.177291,-0.042127,0.831252,0.738485
7,H16,Persistence,0.19339,121.320986,77.535919,0.639097,121.320832,0.020411,5.514292,-0.174497
7,H32,Proposed (FAME),3.43224,117.771216,81.619293,0.693033,117.721192,-0.23426,4.12862,-0.02243
7,H32,Unified XGBoost,25.808896,213.534378,169.495206,0.793761,211.96894,-0.008879,-0.049588,0.800558
7,H32,Persistence,0.203504,121.345171,77.558099,0.639153,121.345001,0.020161,5.511038,-0.17451
7,H96,Proposed (FAME),-2.897116,119.322492,81.226926,0.680734,119.287316,-0.328426,4.469371,-0.0498
7,H96,Unified XGBoost,23.50386,234.439134,190.640421,0.813177,233.257961,-0.237967,-0.144357,0.82943
7,H96,Persistence,0.192395,121.469865,77.696105,0.639633,121.469712,0.020412,5.493789,-0.174545
8,H1,Proposed (FAME),4.304102,38.150288,26.553602,0.696026,37.906716,0.579007,3.737016,0.079232
8,H1,Unified XGBoost,3.47331,36.16036,25.531618,0.706066,35.993163,0.060492,1.964254,-0.025505
8,H1,Persistence,0.142265,50.59771,38.770061,0.766241,50.59751,0.02468,0.900589,0.071896
8,H4,Proposed (FAME),6.556535,45.887965,33.902151,0.738803,45.417147,0.377086,2.496043,0.326391
8,H4,Unified XGBoost,8.457579,51.283016,37.97598,0.740518,50.580798,0.14847,1.571678,0.475057
8,H4,Persistence,0.142265,50.59771,38.770061,0.766241,50.59751,0.02468,0.900589,0.071896
8,H8,Proposed (FAME),4.277061,50.837192,39.142269,0.769953,50.656952,-0.271752,0.705565,0.31711
8,H8,Unified XGBoost,14.124178,74.449568,56.692267,0.761486,73.097508,-0.053785,1.083339,0.676159
8,H8,Persistence,0.133557,50.599077,38.769146,0.766203,50.5989,0.025074,0.900858,0.072247
8,H16,Proposed (FAME),3.956918,52.615125,40.864744,0.776673,52.466124,-0.308102,0.695072,0.246939
8,H16,Unified XGBoost,7.162461,118.249197,90.801578,0.767883,118.032079,-0.457901,0.768028,0.846322
8,H16,Persistence,0.152555,50.58656,38.758,0.766172,50.586329,0.025271,0.903066,0.073587
8,H32,Proposed (FAME),-0.819881,53.38423,41.818085,0.783342,53.377934,-0.269102,0.433147,0.244914
8,H32,Unified XGBoost,-20.086821,161.822971,124.873153,0.771665,160.571459,-0.33738,0.306223,0.916495
8,H32,Persistence,0.110531,50.537941,38.731565,0.766386,50.53782,0.020541,0.895954,0.073131
8,H96,Proposed (FAME),-0.900845,54.472937,42.528778,0.780732,54.465487,-0.337736,0.602282,0.268469
8,H96,Unified XGBoost,9.187003,213.442341,173.921518,0.814841,213.244535,-0.157103,-0.091877,0.933486
8,H96,Persistence,0.034226,50.515427,38.719401,0.766487,50.515415,0.019431,0.898139,0.073252
