station,horizon,regime,n,mean_irradiance_W,fame_rmse_W,fame_skill,unified_xgb_rmse_W,unified_xgb_skill,persistence_rmse_W,persistence_skill
1,H1,low,1746,167.379152,83.532464,0.229156,82.249797,0.252648,95.141966,0.0
1,H1,medium,1740,614.434483,82.23842,0.426463,82.826782,0.418227,108.591021,0.0
1,H1,high,1736,959.4303,60.636313,0.359236,63.899385,0.288416,75.750192,0.0
1,H4,low,1746,167.379152,98.068097,-0.062457,121.884229,-0.641159,95.141966,0.0
1,H4,medium,1739,614.398505,91.326248,0.293024,113.053184,-0.083375,108.615883,0.0
1,H4,high,1736,959.4303,67.329266,0.209976,91.744157,-0.466862,75.750192,0.0
1,H8,low,1746,167.379152,109.84331,-0.332917,157.756646,-1.749357,95.141966,0.0
1,H8,medium,1739,614.398505,112.874057,-0.079945,138.085252,-0.616248,108.615883,0.0
1,H8,high,1736,959.4303,72.92908,0.073098,117.120133,-1.390538,75.750192,0.0
1,H16,low,1740,166.583908,120.599593,-0.611483,202.03539,-3.522609,95.002039,0.0
1,H16,medium,1744,613.647936,125.116784,-0.324414,176.707787,-1.641825,108.718555,0.0
1,H16,high,1736,959.4303,80.222382,-0.121563,133.229081,-2.093361,75.750192,0.0
1,H32,low,1744,167.225344,107.798554,-0.289591,228.389485,-4.788666,94.926369,0.0
1,H32,medium,1737,614.496834,111.686159,-0.05761,210.185209,-2.745684,108.601695,0.0
1,H32,high,1736,959.4303,82.436861,-0.184337,213.300953,-6.928994,75.750192,0.0
1,H96,low,1743,168.62708,122.752436,-0.674203,362.850508,-13.628618,94.869385,0.0
1,H96,medium,1729,615.493927,109.427833,-0.017385,218.553547,-3.058311,108.488876,0.0
1,H96,high,1736,959.4303,95.544335,-0.590898,330.739063,-18.063538,75.750192,0.0
2,H1,low,1686,69.781578,31.381502,0.313184,30.527444,0.350059,37.866345,0.0
2,H1,medium,1685,302.404772,59.017496,0.277869,58.502613,0.290414,69.450072,0.0
2,H1,high,1685,576.774522,44.121954,0.361814,42.199892,0.416205,55.230784,0.0
2,H4,low,1686,69.781578,40.315408,-0.133536,53.307695,-0.98186,37.866345,0.0
2,H4,medium,1685,302.404772,64.892712,0.126935,85.197229,-0.504893,69.450072,0.0
2,H4,high,1685,576.774522,48.064006,0.242683,56.517381,-0.047133,55.230784,0.0
2,H8,low,1685,69.797276,40.687538,-0.154967,75.898472,-3.018954,37.859645,0.0
2,H8,medium,1685,302.404772,68.00126,0.041287,92.205168,-0.762646,69.450072,0.0
2,H8,high,1685,576.774522,49.580174,0.194151,64.853111,-0.378793,55.230784,0.0
2,H16,low,1685,69.887246,42.919343,-0.284687,96.104937,-5.441434,37.866435,0.0
2,H16,medium,1684,302.485172,70.814628,-0.039275,107.05122,-1.375024,69.463655,0.0
2,H16,high,1685,576.774522,54.064795,0.041777,74.548838,-0.821878,55.230784,0.0
2,H32,low,1684,70.023741,41.428184,-0.1953,107.308932,-7.019676,37.892867,0.0
2,H32,medium,1684,302.649596,71.136816,-0.048942,112.263039,-1.612379,69.457423,0.0
2,H32,high,1684,576.853349,57.443181,-0.081202,100.923367,-2.337439,55.243997,0.0
2,H96,low,1681,70.102606,45.870582,-0.464041,187.799425,-23.539924,37.910338,0.0
2,H96,medium,1681,303.1195,69.870754,-0.010332,130.05035,-2.500229,69.512565,0.0
2,H96,high,1680,577.168988,57.590246,-0.087254,182.269522,-9.890838,55.231064,0.0
4,H1,low,1617,43.445337,17.680468,0.268194,17.33183,0.29677,20.667873,0.0
4,H1,medium,1616,187.410133,55.406144,0.222704,55.708994,0.214183,62.844119,0.0
4,H1,high,1616,576.189819,71.551941,0.180276,70.462018,0.205059,79.029201,0.0
4,H4,low,1617,43.445337,23.402416,-0.282123,47.492215,-4.280235,20.667873,0.0
4,H4,medium,1615,187.436022,62.977792,-0.004048,95.52711,-1.310111,62.850711,0.0
4,H4,high,1616,576.189819,76.728106,0.057386,104.596455,-0.751696,79.029201,0.0
4,H8,low,1617,43.445337,26.119021,-0.597064,76.542781,-12.715666,20.667873,0.0
4,H8,medium,1615,187.436022,65.261336,-0.078181,124.178699,-2.903677,62.850711,0.0
4,H8,high,1616,576.189819,78.588758,0.011115,130.770557,-1.738071,79.029201,0.0
4,H16,low,1617,43.445337,29.800385,-1.078989,126.132388,-36.244459,20.667873,0.0
4,H16,medium,1614,187.429476,66.70799,-0.126298,158.873688,-5.388539,62.856647,0.0
4,H16,high,1616,576.189819,82.021908,-0.077171,183.972567,-4.419147,79.029201,0.0
4,H32,low,1617,43.445337,33.171993,-1.576034,201.729531,-94.268076,20.667873,0.0
4,H32,medium,1612,187.296573,66.384638,-0.11544,204.901954,-9.62682,62.855667,0.0
4,H32,high,1615,576.301949,84.037701,-0.130615,233.273207,-7.711561,79.034527,0.0
4,H96,low,1612,43.30044,30.108394,-1.12038,263.751917,-161.715779,20.676679,0.0
4,H96,medium,1611,186.450016,62.129395,0.021194,192.007911,-8.348473,62.798431,0.0
4,H96,high,1612,575.362561,88.034459,-0.253464,306.746514,-14.218289,78.631529,0.0
5,H1,low,1669,44.118035,37.573644,-0.222004,34.11517,-0.007398,33.989681,0.0
5,H1,medium,1669,209.385261,96.364957,0.117671,96.362902,0.117709,102.589738,0.0
5,H1,high,1666,699.127251,116.038694,0.278553,123.093434,0.188164,136.615743,0.0
5,H4,low,1669,44.118035,44.264697,-0.69598,74.56413,-3.812445,33.989681,0.0
5,H4,medium,1669,209.385261,100.809928,0.034397,140.228497,-0.868378,102.589738,0.0
5,H4,high,1666,699.127251,123.001156,0.189381,152.717611,-0.249616,136.615743,0.0
5,H8,low,1669,44.118035,57.563725,-1.868162,135.975311,-15.003905,33.989681,0.0
5,H8,medium,1666,209.034814,105.914421,-0.064454,174.413476,-1.886536,102.657705,0.0
5,H8,high,1668,698.468825,128.77638,0.110615,178.341044,-0.705768,136.549861,0.0
5,H16,low,1669,44.118035,57.389814,-1.850857,226.706624,-43.487116,33.989681,0.0
5,H16,medium,1666,209.034814,102.707599,-0.000972,228.019733,-3.933575,102.657705,0.0
5,H16,high,1667,698.325135,140.033322,-0.051064,229.783095,-1.830105,136.589327,0.0
5,H32,low,1669,44.118035,55.327969,-1.649691,217.457709,-39.931292,33.989681,0.0
5,H32,medium,1664,208.802284,100.149779,0.030555,198.05532,-2.791372,101.715779,0.0
5,H32,high,1667,697.65207,153.785119,-0.253909,298.578217,-3.726651,137.335037,0.0
5,H96,low,1669,44.118035,54.102522,-1.533616,293.139177,-73.379553,33.989681,0.0
5,H96,medium,1661,208.798916,91.85235,0.169471,205.913233,-3.173905,100.788965,0.0
5,H96,high,1660,696.663855,159.562863,-0.365622,376.368286,-6.597886,136.542118,0.0
6,H1,low,1706,89.229607,60.462104,0.186501,60.871354,0.175451,67.035469,0.0
6,H1,medium,1706,461.303486,121.307276,0.268029,123.704015,0.238819,141.788138,0.0
6,H1,high,1706,934.239595,111.259405,0.179837,113.216275,0.150732,122.853221,0.0
6,H4,low,1706,89.229607,67.66996,-0.01902,126.185234,-2.543299,67.035469,0.0
6,H4,medium,1706,461.303486,129.146669,0.170366,175.028469,-0.523834,141.788138,0.0
6,H4,high,1706,934.239595,116.488125,0.100937,166.715494,-0.84153,122.853221,0.0
6,H8,low,1706,89.229607,74.716421,-0.242289,165.818288,-5.118649,67.035469,0.0
6,H8,medium,1705,461.150741,136.022736,0.078871,206.631683,-1.125647,141.726606,0.0
6,H8,high,1706,934.17162,118.790328,0.06685,194.424604,-1.499722,122.971751,0.0
6,H16,low,1706,89.229607,78.178051,-0.360067,221.418095,-9.909803,67.035469,0.0
6,H16,medium,1705,461.150741,140.178848,0.021722,226.014704,-1.543142,141.726606,0.0
6,H16,high,1705,934.255533,124.523443,-0.024881,230.806333,-2.521005,123.002631,0.0
6,H32,low,1705,89.15068,76.650178,-0.307044,268.315236,-15.016018,67.045257,0.0
6,H32,medium,1704,460.864229,140.158081,0.021461,225.501844,-1.533041,141.686667,0.0
6,H32,high,1705,934.255533,127.771947,-0.079052,272.835804,-3.9201,123.002631,0.0
6,H96,low,1702,88.913813,87.006348,-0.688765,368.626447,-29.313798,66.952426,0.0
6,H96,medium,1701,460.12564,138.216054,0.048466,231.288487,-1.664498,141.69233,0.0
6,H96,high,1701,934.486488,125.765272,-0.044232,334.144464,-6.371302,123.072824,0.0
7,H1,low,1606,101.340347,67.122202,-0.074614,67.515714,-0.087251,64.750025,0.0
7,H1,medium,1606,349.590285,122.12718,0.148987,117.994202,0.205611,132.386639,0.0
7,H1,high,1606,694.513608,132.555286,0.216293,135.609774,0.179759,149.733928,0.0
7,H4,low,1606,101.340347,73.37108,-0.284015,120.769946,-2.478867,64.750025,0.0
7,H4,medium,1606,349.590285,122.543091,0.14318,147.155228,-0.235558,132.386639,0.0
7,H4,high,1606,694.513608,135.367977,0.182681,180.313555,-0.450161,149.733928,0.0
7,H8,low,1606,101.340347,76.66979,-0.402067,131.671674,-3.135279,64.750025,0.0
7,H8,medium,1605,349.493166,123.972036,0.123579,141.893235,-0.148124,132.424186,0.0
7,H8,high,1606,694.253168,136.438584,0.16971,211.324537,-0.991844,149.734622,0.0
7,H16,low,1606,101.340347,80.558648,-0.547906,183.486528,-7.030239,64.750025,0.0
7,H16,medium,1605,349.493166,127.57041,0.071963,174.319463,-0.732835,132.424186,0.0
7,H16,high,1605,694.097625,136.659323,0.16753,198.424634,-0.755016,149.780416,0.0
7,H32,low,1605,101.27545,77.943225,-0.450497,238.362305,-12.565478,64.717246,0.0
7,H32,medium,1604,349.209745,122.881592,0.13923,177.121069,-0.788355,132.447377,0.0
7,H32,high,1605,693.503419,142.954232,0.089515,220.439259,-1.164994,149.816814,0.0
7,H96,low,1602,101.080543,72.972395,-0.269958,254.941373,-14.500751,64.753604,0.0
7,H96,medium,1601,348.360982,121.101954,0.164718,169.256091,-0.631621,132.505724,0.0
7,H96,high,1601,690.911277,150.759692,-0.009232,266.900971,-2.163156,150.068601,0.0
8,H1,low,1653,82.495656,22.248349,0.386656,12.511125,0.806045,28.408342,0.0
8,H1,medium,1652,301.445817,33.348631,0.519689,31.062952,0.583272,48.119001,0.0
8,H1,high,1652,615.105327,52.533746,0.394646,52.933699,0.385393,67.520174,0.0
8,H4,low,1653,82.495656,31.673058,-0.243049,29.481225,-0.076959,28.408342,0.0
8,H4,medium,1652,301.445817,45.479778,0.106687,52.905145,-0.208823,48.119001,0.0
8,H4,high,1652,615.105327,56.975351,0.287956,64.983168,0.073736,67.520174,0.0
8,H8,low,1652,82.43974,32.400644,-0.301894,56.30723,-2.931848,28.396564,0.0
8,H8,medium,1652,301.287052,51.895167,-0.16451,83.615281,-2.023157,48.090058,0.0
8,H8,high,1652,614.958874,63.327325,0.120881,80.412655,-0.417472,67.540959,0.0
8,H16,low,1652,82.43974,32.288599,-0.292906,87.208782,-8.431676,28.396564,0.0
8,H16,medium,1651,301.204791,51.576368,-0.149568,120.676268,-5.293276,48.104253,0.0
8,H16,high,1652,614.75549,67.840352,-0.010062,140.644358,-3.341265,67.501613,0.0
8,H32,low,1651,82.383846,34.231563,-0.453015,127.397452,-19.125097,28.398261,0.0
8,H32,medium,1651,301.045912,52.195507,-0.177541,134.033133,-6.76487,48.099999,0.0
8,H32,high,1651,614.683113,68.216253,-0.024499,210.630079,-8.767345,67.395691,0.0
8,H96,low,1648,82.216292,35.019046,-0.521102,235.7002,-67.908013,28.393903,0.0
8,H96,medium,1647,300.781694,51.597684,-0.153697,139.770198,-7.465652,48.037941,0.0
8,H96,high,1648,614.828859,70.802986,-0.103854,248.126613,-12.556734,67.390054,0.0
